Datasheet,Image,DK Part #,Mfr Part #,Mfr,Supplier,Description,Stock,Price,@ qty,Min Qty, Package,Series,Product Status,"Capacitance","Tolerance","Voltage - Rated","Temperature Coefficient","Operating Temperature","Features","Ratings","Applications","Failure Rate","Mounting Type","Package / Case","Size / Dimension","Height - Seated (Max)","Thickness (Max)","Lead Spacing","Lead Style"
"https://product.tdk.com/system/files/dam/doc/product/capacitor/ceramic/mlcc/catalog/mlcc_commercial_general_en.pdf","//mm.digikey.com/Volume0/opasdata/d220001/medias/images/2482/0402 C Series Thick .50.jpg","445-1256-2-ND,445-1256-1-ND,445-1256-6-ND","C1005X7R1H102K050BA","TDK Corporation","TDK Corporation","CAP CER 1000PF 50V X7R 0402","767,129","0.1","0","1","Tape & Reel (TR),Cut Tape (CT),Digi-Reel®","C","Active","1000 pF","±10%","50V","X7R","-55°C ~ 125°C","Low ESL","-","General Purpose","-","Surface Mount, MLCC","0402 (1005 Metric)","0.039"" L x 0.020"" W (1.00mm x 0.50mm)","-","0.022"" (0.55mm)","-","-"
"https://product.tdk.com/system/files/dam/doc/product/capacitor/ceramic/mlcc/catalog/mlcc_commercial_general_en.pdf","//mm.digikey.com/Volume0/opasdata/d220001/medias/images/773/0402-(1005-Metric)-0.70mm-C-Series.jpg","445-4952-2-ND,445-4952-1-ND,445-4952-6-ND","C1005X7R1C104K050BC","TDK Corporation","TDK Corporation","CAP CER 0.1UF 16V X7R 0402","5,704,986","0.1","0","1","Tape & Reel (TR),Cut Tape (CT),Digi-Reel®","C","Active","0.1 µF","±10%","16V","X7R","-55°C ~ 125°C","Low ESL","-","General Purpose","-","Surface Mount, MLCC","0402 (1005 Metric)","0.039"" L x 0.020"" W (1.00mm x 0.50mm)","-","0.022"" (0.55mm)","-","-"
"https://product.tdk.com/system/files/dam/doc/product/capacitor/ceramic/mlcc/catalog/mlcc_commercial_general_en.pdf","//mm.digikey.com/Volume0/opasdata/d220001/medias/images/773/0402-(1005-Metric)-0.70mm-C-Series.jpg","445-4964-2-ND,445-4964-1-ND,445-4964-6-ND","C1005X5R1E104K050BC","TDK Corporation","TDK Corporation","CAP CER 0.1UF 25V X5R 0402","1,686,193","0.1","0","1","Tape & Reel (TR),Cut Tape (CT),Digi-Reel®","C","Active","0.1 µF","±10%","25V","X5R","-55°C ~ 85°C","Low ESL","-","General Purpose","-","Surface Mount, MLCC","0402 (1005 Metric)","0.039"" L x 0.020"" W (1.00mm x 0.50mm)","-","0.022"" (0.55mm)","-","-"
"https://product.tdk.com/system/files/dam/doc/product/capacitor/ceramic/mlcc/catalog/mlcc_commercial_general_en.pdf","//mm.digikey.com/Volume0/opasdata/d220001/medias/images/2482/0402 C Series Thick .50.jpg","445-5932-2-ND,445-5932-1-ND,445-5932-6-ND","C1005X7R1H104K050BB","TDK Corporation","TDK Corporation","CAP CER 0.1UF 50V X7R 0402","7,141,413","0.1","0","1","Tape & Reel (TR),Cut Tape (CT),Digi-Reel®","C","Active","0.1 µF","±10%","50V","X7R","-55°C ~ 125°C","Low ESL","-","General Purpose","-","Surface Mount, MLCC","0402 (1005 Metric)","0.039"" L x 0.020"" W (1.00mm x 0.50mm)","-","0.022"" (0.55mm)","-","-"
"https://product.tdk.com/system/files/dam/doc/product/capacitor/ceramic/mlcc/catalog/mlcc_commercial_general_en.pdf","//mm.digikey.com/Volume0/opasdata/d220001/medias/images/773/0402-(1005-Metric)-0.70mm-C-Series.jpg","445-6850-2-ND,445-6850-1-ND,445-6850-6-ND","C1005X7R1H103K050BB","TDK Corporation","TDK Corporation","CAP CER 10000PF 50V X7R 0402","256,000","0.1","0","1","Tape & Reel (TR),Cut Tape (CT),Digi-Reel®","C","Active","10000 pF","±10%","50V","X7R","-55°C ~ 125°C","Low ESL","-","General Purpose","-","Surface Mount, MLCC","0402 (1005 Metric)","0.039"" L x 0.020"" W (1.00mm x 0.50mm)","-","0.022"" (0.55mm)","-","-"
"https://product.tdk.com/system/files/dam/doc/product/capacitor/ceramic/mlcc/catalog/mlcc_commercial_general_en.pdf","//mm.digikey.com/Volume0/opasdata/d220001/medias/images/773/0402-(1005-Metric)-0.70mm-C-Series.jpg","445-7348-2-ND,445-7348-1-ND,445-7348-6-ND","C1005X7R1E104K050BB","TDK Corporation","TDK Corporation","CAP CER 0.1UF 25V X7R 0402","3,233,420","0.11","0","1","Tape & Reel (TR),Cut Tape (CT),Digi-Reel®","C","Active","0.1 µF","±10%","25V","X7R","-55°C ~ 125°C","Low ESL","-","General Purpose","-","Surface Mount, MLCC","0402 (1005 Metric)","0.039"" L x 0.020"" W (1.00mm x 0.50mm)","-","0.022"" (0.55mm)","-","-"
"https://product.tdk.com/system/files/dam/doc/product/capacitor/ceramic/mlcc/catalog/mlcc_commercial_general_en.pdf","//mm.digikey.com/Volume0/opasdata/d220001/medias/images/2482/0402 C Series Thick .50.jpg","445-5942-2-ND,445-5942-1-ND,445-5942-6-ND","C1005X5R1H104K050BB","TDK Corporation","TDK Corporation","CAP CER 0.1UF 50V X5R 0402","1,683,567","0.11","0","1","Tape & Reel (TR),Cut Tape (CT),Digi-Reel®","C","Active","0.1 µF","±10%","50V","X5R","-55°C ~ 85°C","Low ESL","-","General Purpose","-","Surface Mount, MLCC","0402 (1005 Metric)","0.039"" L x 0.020"" W (1.00mm x 0.50mm)","-","0.022"" (0.55mm)","-","-"
"https://product.tdk.com/system/files/dam/doc/product/capacitor/ceramic/mlcc/catalog/mlcc_commercial_general_en.pdf","//mm.digikey.com/Volume0/opasdata/d220001/medias/images/773/0402-(1005-Metric)-0.70mm-C-Series.jpg","445-9086-2-ND,445-9086-1-ND,445-9086-6-ND","C1005X6S1C105K050BC","TDK Corporation","TDK Corporation","CAP CER 1UF 16V X6S 0402","383,491","0.12","0","1","Tape & Reel (TR),Cut Tape (CT),Digi-Reel®","C","Active","1 µF","±10%","16V","X6S","-55°C ~ 105°C","Low ESL","-","General Purpose","-","Surface Mount, MLCC","0402 (1005 Metric)","0.039"" L x 0.020"" W (1.00mm x 0.50mm)","-","0.022"" (0.55mm)","-","-"
"https://product.tdk.com/system/files/dam/doc/product/capacitor/ceramic/mlcc/catalog/mlcc_commercial_general_en.pdf","//mm.digikey.com/Volume0/opasdata/d220001/medias/images/773/0402-(1005-Metric)-0.70mm-C-Series.jpg","445-8020-2-ND,445-8020-1-ND,445-8020-6-ND","C1005X5R1E474K050BB","TDK Corporation","TDK Corporation","CAP CER 0.47UF 25V X5R 0402","609,167","0.12","0","1","Tape & Reel (TR),Cut Tape (CT),Digi-Reel®","C","Active","0.47 µF","±10%","25V","X5R","-55°C ~ 85°C","Low ESL","-","General Purpose","-","Surface Mount, MLCC","0402 (1005 Metric)","0.039"" L x 0.020"" W (1.00mm x 0.50mm)","-","0.022"" (0.55mm)","-","-"
"https://product.tdk.com/system/files/dam/doc/product/capacitor/ceramic/mlcc/catalog/mlcc_commercial_general_en.pdf","//mm.digikey.com/Volume0/opasdata/d220001/medias/images/773/0402-(1005-Metric)-0.70mm-C-Series.jpg","445-8009-2-ND,445-8009-1-ND,445-8009-6-ND","C1005X7S1A474K050BC","TDK Corporation","TDK Corporation","CAP CER 0.47UF 10V X7S 0402","194,901","0.12","0","1","Tape & Reel (TR),Cut Tape (CT),Digi-Reel®","C","Active","0.47 µF","±10%","10V","X7S","-55°C ~ 125°C","Low ESL","-","General Purpose","-","Surface Mount, MLCC","0402 (1005 Metric)","0.039"" L x 0.020"" W (1.00mm x 0.50mm)","-","0.022"" (0.55mm)","-","-"
"https://product.tdk.com/system/files/dam/doc/product/capacitor/ceramic/mlcc/catalog/mlcc_commercial_general_en.pdf","//mm.digikey.com/Volume0/opasdata/d220001/medias/images/773/0402-(1005-Metric)-0.70mm-C-Series.jpg","445-5936-2-ND,445-5936-1-ND,445-5936-6-ND","C1005X7R1C224K050BC","TDK Corporation","TDK Corporation","CAP CER 0.22UF 16V X7R 0402","1,555,000","0.14","0","1","Tape & Reel (TR),Cut Tape (CT),Digi-Reel®","C","Active","0.22 µF","±10%","16V","X7R","-55°C ~ 125°C","Low ESL","-","General Purpose","-","Surface Mount, MLCC","0402 (1005 Metric)","0.039"" L x 0.020"" W (1.00mm x 0.50mm)","-","0.022"" (0.55mm)","-","-"
"https://product.tdk.com/system/files/dam/doc/product/capacitor/ceramic/mlcc/catalog/mlcc_commercial_general_en.pdf","//mm.digikey.com/Volume0/opasdata/d220001/medias/images/2482/0402 C Series Thick .50.jpg","445-9066-2-ND,445-9066-1-ND,445-9066-6-ND","C1005X5R1E105K050BC","TDK Corporation","TDK Corporation","CAP CER 1UF 25V X5R 0402","1,613,466","0.15","0","1","Tape & Reel (TR),Cut Tape (CT),Digi-Reel®","C","Active","1 µF","±10%","25V","X5R","-55°C ~ 85°C","Low ESL","-","General Purpose","-","Surface Mount, MLCC","0402 (1005 Metric)","0.039"" L x 0.020"" W (1.00mm x 0.50mm)","-","0.022"" (0.55mm)","-","-"
"https://product.tdk.com/en/system/files?file=dam/doc/product/capacitor/ceramic/mlcc/catalog/mlcc_commercial_midvoltage_en.pdf","//mm.digikey.com/Volume0/opasdata/d220001/medias/images/2482/0402 C Series Thick .50.jpg","445-5199-2-ND,445-5199-1-ND,445-5199-6-ND","C1005X7S2A103K050BB","TDK Corporation","TDK Corporation","CAP CER 10000PF 100V X7S 0402","963,829","0.16","0","1","Tape & Reel (TR),Cut Tape (CT),Digi-Reel®","C","Active","10000 pF","±10%","100V","X7S","-55°C ~ 125°C","-","-","General Purpose","-","Surface Mount, MLCC","0402 (1005 Metric)","0.039"" L x 0.020"" W (1.00mm x 0.50mm)","-","0.022"" (0.55mm)","-","-"
"https://product.tdk.com/system/files/dam/doc/product/capacitor/ceramic/mlcc/catalog/mlcc_commercial_soft_en.pdf","//mm.digikey.com/Volume0/opasdata/d220001/medias/images/773/0402-(1005-Metric)-0.70mm-C-Series.jpg","445-173610-2-ND,445-173610-1-ND,445-173610-6-ND","C1005X7R1H104K050BE","TDK Corporation","TDK Corporation","CAP CER 0.1UF 50V X7R 0402","4,246,015","0.19","0","1","Tape & Reel (TR),Cut Tape (CT),Digi-Reel®","C","Active","0.1 µF","±10%","50V","X7R","-55°C ~ 125°C","Soft Termination","-","Boardflex Sensitive","-","Surface Mount, MLCC","0402 (1005 Metric)","0.039"" L x 0.020"" W (1.00mm x 0.50mm)","-","0.024"" (0.60mm)","-","-"
"https://product.tdk.com/system/files/dam/doc/product/capacitor/ceramic/mlcc/catalog/mlcc_commercial_general_en.pdf","//mm.digikey.com/Volume0/opasdata/d220001/medias/images/773/0402-(1005-Metric)-0.70mm-C-Series.jpg","445-9073-2-ND,445-9073-1-ND,445-9073-6-ND","C1005X5R1V105K050BC","TDK Corporation","TDK Corporation","CAP CER 1UF 35V X5R 0402","1,183,879","0.17","0","1","Tape & Reel (TR),Cut Tape (CT),Digi-Reel®","C","Active","1 µF","±10%","35V","X5R","-55°C ~ 85°C","Low ESL","-","General Purpose","-","Surface Mount, MLCC","0402 (1005 Metric)","0.039"" L x 0.020"" W (1.00mm x 0.50mm)","-","0.022"" (0.55mm)","-","-"
"https://product.tdk.com/en/system/files?file=dam/doc/product/capacitor/ceramic/mlcc/catalog/mlcc_commercial_midvoltage_en.pdf","//mm.digikey.com/Volume0/opasdata/d220001/medias/images/773/0402-(1005-Metric)-0.70mm-C-Series.jpg","445-172653-2-ND,445-172653-1-ND,445-172653-6-ND","C1005C0G2A102J050BC","TDK Corporation","TDK Corporation","CAP CER 1000PF 100V C0G 0402","714,806","0.23","0","1","Tape & Reel (TR),Cut Tape (CT),Digi-Reel®","C","Active","1000 pF","±5%","100V","C0G, NP0","-55°C ~ 125°C","-","-","General Purpose","-","Surface Mount, MLCC","0402 (1005 Metric)","0.039"" L x 0.020"" W (1.00mm x 0.50mm)","-","0.022"" (0.55mm)","-","-"
"https://product.tdk.com/system/files/dam/doc/product/capacitor/ceramic/mlcc/catalog/mlcc_commercial_general_en.pdf","//mm.digikey.com/Volume0/opasdata/d220001/medias/images/773/0402-(1005-Metric)-0.70mm-C-Series.jpg","445-9116-2-ND,445-9116-1-ND,445-9116-6-ND","C1005X7S1A105K050BC","TDK Corporation","TDK Corporation","CAP CER 1UF 10V X7S 0402","404,883","0.24","0","1","Tape & Reel (TR),Cut Tape (CT),Digi-Reel®","C","Active","1 µF","±10%","10V","X7S","-55°C ~ 125°C","Low ESL","-","General Purpose","-","Surface Mount, MLCC","0402 (1005 Metric)","0.039"" L x 0.020"" W (1.00mm x 0.50mm)","-","0.022"" (0.55mm)","-","-"
"https://product.tdk.com/system/files/dam/doc/product/capacitor/ceramic/mlcc/catalog/mlcc_commercial_soft_en.pdf","//mm.digikey.com/Volume0/opasdata/d220001/medias/images/773/0402-(1005-Metric)-0.70mm-C-Series.jpg","445-175218-2-ND,445-175218-1-ND,445-175218-6-ND","C1005X5R1V105K050BE","TDK Corporation","TDK Corporation","CAP CER 1UF 35V X5R 0402","9,869","0.25","0","1","Tape & Reel (TR),Cut Tape (CT),Digi-Reel®","C","Active","1 µF","±10%","35V","X5R","-55°C ~ 85°C","Soft Termination","-","Boardflex Sensitive","-","Surface Mount, MLCC","0402 (1005 Metric)","0.039"" L x 0.020"" W (1.00mm x 0.50mm)","-","0.026"" (0.65mm)","-","-"
"https://product.tdk.com/system/files/dam/doc/product/capacitor/ceramic/mlcc/catalog/mlcc_commercial_general_en.pdf","//mm.digikey.com/Volume0/opasdata/d220001/medias/images/773/0402-(1005-Metric)-0.70mm-C-Series.jpg","445-9095-2-ND,445-9095-1-ND,445-9095-6-ND","C1005X6S1A225K050BC","TDK Corporation","TDK Corporation","CAP CER 2.2UF 10V X6S 0402","986,509","0.23","0","1","Tape & Reel (TR),Cut Tape (CT),Digi-Reel®","C","Active","2.2 µF","±10%","10V","X6S","-55°C ~ 105°C","Low ESL","-","General Purpose","-","Surface Mount, MLCC","0402 (1005 Metric)","0.039"" L x 0.020"" W (1.00mm x 0.50mm)","-","0.024"" (0.60mm)","-","-"
"https://product.tdk.com/system/files/dam/doc/product/capacitor/ceramic/mlcc/catalog/mlcc_commercial_general_en.pdf","//mm.digikey.com/Volume0/opasdata/d220001/medias/images/773/0402-(1005-Metric)-0.70mm-C-Series.jpg","445-9085-2-ND,445-9085-1-ND,445-9085-6-ND","C1005X5R1C225K050BC","TDK Corporation","TDK Corporation","CAP CER 2.2UF 16V X5R 0402","1,810,888","0.27","0","1","Tape & Reel (TR),Cut Tape (CT),Digi-Reel®","C","Active","2.2 µF","±10%","16V","X5R","-55°C ~ 85°C","Low ESL","-","General Purpose","-","Surface Mount, MLCC","0402 (1005 Metric)","0.039"" L x 0.020"" W (1.00mm x 0.50mm)","-","0.022"" (0.55mm)","-","-"
"https://product.tdk.com/en/system/files?file=dam/doc/product/capacitor/ceramic/mlcc/charasheet/c1005x7s0j225k050bc.pdf","//mm.digikey.com/Volume0/opasdata/d220001/medias/images/773/0402-(1005-Metric)-0.70mm-C-Series.jpg","445-9084-2-ND,445-9084-1-ND,445-9084-6-ND","C1005X7S0J225K050BC","TDK Corporation","TDK Corporation","CAP CER 2.2UF 6.3V X7S 0402","818,459","0.25","0","1","Tape & Reel (TR),Cut Tape (CT),Digi-Reel®","C","Active","2.2 µF","±10%","6.3V","X7S","-55°C ~ 125°C","Low ESL","-","General Purpose","-","Surface Mount, MLCC","0402 (1005 Metric)","0.039"" L x 0.020"" W (1.00mm x 0.50mm)","-","0.024"" (0.60mm)","-","-"
"https://product.tdk.com/system/files/dam/doc/product/capacitor/ceramic/mlcc/catalog/mlcc_commercial_general_en.pdf","//mm.digikey.com/Volume0/opasdata/d220001/medias/images/773/0402-(1005-Metric)-0.70mm-C-Series.jpg","445-9103-2-ND,445-9103-1-ND,445-9103-6-ND","C1005X6S1C225K050BC","TDK Corporation","TDK Corporation","CAP CER 2.2UF 16V X6S 0402","513,080","0.27","0","1","Tape & Reel (TR),Cut Tape (CT),Digi-Reel®","C","Active","2.2 µF","±10%","16V","X6S","-55°C ~ 105°C","Low ESL","-","General Purpose","-","Surface Mount, MLCC","0402 (1005 Metric)","0.039"" L x 0.020"" W (1.00mm x 0.50mm)","-","0.026"" (0.65mm)","-","-"
"https://product.tdk.com/system/files/dam/doc/product/capacitor/ceramic/mlcc/catalog/mlcc_commercial_general_en.pdf","//mm.digikey.com/Volume0/opasdata/d220001/medias/images/2482/0402 C Series Thick .50.jpg","445-9090-2-ND,445-9090-1-ND,445-9090-6-ND","C1005X5R1E225K050BC","TDK Corporation","TDK Corporation","CAP CER 2.2UF 25V X5R 0402","1,229,271","0.27","0","1","Tape & Reel (TR),Cut Tape (CT),Digi-Reel®","C","Active","2.2 µF","±10%","25V","X5R","-55°C ~ 85°C","Low ESL","-","General Purpose","-","Surface Mount, MLCC","0402 (1005 Metric)","0.039"" L x 0.020"" W (1.00mm x 0.50mm)","-","0.024"" (0.60mm)","-","-"
"https://product.tdk.com/system/files/dam/doc/product/capacitor/ceramic/mlcc/catalog/mlcc_commercial_general_en.pdf","//mm.digikey.com/Volume0/opasdata/d220001/medias/images/773/0402-(1005-Metric)-0.70mm-C-Series.jpg","445-9097-2-ND,445-9097-1-ND,445-9097-6-ND","C1005X7S1A225K050BC","TDK Corporation","TDK Corporation","CAP CER 2.2UF 10V X7S 0402","1,603,762","0.29","0","1","Tape & Reel (TR),Cut Tape (CT),Digi-Reel®","C","Active","2.2 µF","±10%","10V","X7S","-55°C ~ 125°C","Low ESL","-","General Purpose","-","Surface Mount, MLCC","0402 (1005 Metric)","0.039"" L x 0.020"" W (1.00mm x 0.50mm)","-","0.026"" (0.65mm)","-","-"
"https://product.tdk.com/system/files/dam/doc/product/capacitor/ceramic/mlcc/catalog/mlcc_commercial_general_en.pdf","//mm.digikey.com/Volume0/opasdata/d220001/medias/images/2482/0402 C Series Thick .50.jpg","445-7392-2-ND,445-7392-1-ND,445-7392-6-ND","C1005X5R1A225K050BC","TDK Corporation","TDK Corporation","CAP CER 2.2UF 10V X5R 0402","693,675","0.32","0","1","Tape & Reel (TR),Cut Tape (CT),Digi-Reel®","C","Active","2.2 µF","±10%","10V","X5R","-55°C ~ 85°C","Low ESL","-","General Purpose","-","Surface Mount, MLCC","0402 (1005 Metric)","0.039"" L x 0.020"" W (1.00mm x 0.50mm)","-","0.022"" (0.55mm)","-","-"
"https://product.tdk.com/system/files/dam/doc/product/capacitor/ceramic/mlcc/catalog/mlcc_commercial_general_en.pdf","//mm.digikey.com/Volume0/opasdata/d220001/medias/images/773/0402-(1005-Metric)-0.70mm-C-Series.jpg","445-9028-2-ND,445-9028-1-ND,445-9028-6-ND","C1005X5R1V225K050BC","TDK Corporation","TDK Corporation","CAP CER 2.2UF 35V X5R 0402","589,520","0.32","0","1","Tape & Reel (TR),Cut Tape (CT),Digi-Reel®","C","Active","2.2 µF","±10%","35V","X5R","-55°C ~ 85°C","Low ESL","-","General Purpose","-","Surface Mount, MLCC","0402 (1005 Metric)","0.039"" L x 0.020"" W (1.00mm x 0.50mm)","-","0.026"" (0.65mm)","-","-"
"https://product.tdk.com/system/files/dam/doc/product/capacitor/ceramic/mlcc/catalog/mlcc_commercial_general_en.pdf","//mm.digikey.com/Volume0/opasdata/d220001/medias/images/2482/0402 C Series Thick .50.jpg","445-5947-2-ND,445-5947-1-ND,445-5947-6-ND","C1005X5R0J475K050BC","TDK Corporation","TDK Corporation","CAP CER 4.7UF 6.3V X5R 0402","1,869,759","0.32","0","1","Tape & Reel (TR),Cut Tape (CT),Digi-Reel®","C","Active","4.7 µF","±10%","6.3V","X5R","-55°C ~ 85°C","Low ESL","-","General Purpose","-","Surface Mount, MLCC","0402 (1005 Metric)","0.039"" L x 0.020"" W (1.00mm x 0.50mm)","-","0.026"" (0.65mm)","-","-"
"https://product.tdk.com/system/files/dam/doc/product/capacitor/ceramic/mlcc/catalog/mlcc_commercial_general_en.pdf","//mm.digikey.com/Volume0/opasdata/d220001/medias/images/773/0402-(1005-Metric)-0.70mm-C-Series.jpg","445-13820-2-ND,2832-C1005X5R1A475KTJ00E-TR-ND,445-13820-1-ND,445-13820-6-ND","C1005X5R1A475K050BC","TDK Corporation","TDK Corporation,Flip Electronics","CAP CER 4.7UF 10V X5R 0402","616,833","0.32","0","1","Tape & Reel (TR),Tape & Reel (TR),Cut Tape (CT),Digi-Reel®","C","Active","4.7 µF","±10%","10V","X5R","-55°C ~ 85°C","Low ESL","-","General Purpose","-","Surface Mount, MLCC","0402 (1005 Metric)","0.039"" L x 0.020"" W (1.00mm x 0.50mm)","-","0.026"" (0.65mm)","-","-"
"https://product.tdk.com/system/files/dam/doc/product/capacitor/ceramic/mlcc/catalog/mlcc_commercial_soft_en.pdf","//mm.digikey.com/Volume0/opasdata/d220001/medias/images/773/0402-(1005-Metric)-0.70mm-C-Series.jpg","445-175214-2-ND,445-175214-1-ND,445-175214-6-ND","C1005X5R1A475K050BE","TDK Corporation","TDK Corporation","CAP CER 4.7UF 10V X5R 0402","133,182","0.43","0","1","Tape & Reel (TR),Cut Tape (CT),Digi-Reel®","C","Active","4.7 µF","±10%","10V","X5R","-55°C ~ 85°C","Soft Termination","-","Boardflex Sensitive","-","Surface Mount, MLCC","0402 (1005 Metric)","0.039"" L x 0.020"" W (1.00mm x 0.50mm)","-","0.028"" (0.70mm)","-","-"
"https://product.tdk.com/system/files/dam/doc/product/capacitor/ceramic/mlcc/catalog/mlcc_commercial_general_en.pdf","//mm.digikey.com/Volume0/opasdata/d220001/medias/images/2482/0402 C Series Thick .50.jpg","445-7386-2-ND,445-7386-1-ND,445-7386-6-ND","C1005X5R1E103K050BA","TDK Corporation","TDK Corporation","CAP CER 10000PF 25V X5R 0402","227,056","0.1","0","1","Tape & Reel (TR),Cut Tape (CT),Digi-Reel®","C","Active","10000 pF","±10%","25V","X5R","-55°C ~ 85°C","Low ESL","-","General Purpose","-","Surface Mount, MLCC","0402 (1005 Metric)","0.039"" L x 0.020"" W (1.00mm x 0.50mm)","-","0.022"" (0.55mm)","-","-"
"https://product.tdk.com/system/files/dam/doc/product/capacitor/ceramic/mlcc/catalog/mlcc_commercial_general_en.pdf","//mm.digikey.com/Volume0/opasdata/d220001/medias/images/773/0402-(1005-Metric)-0.70mm-C-Series.jpg","445-1257-2-ND,445-1257-1-ND,445-1257-6-ND","C1005X7R1H222K050BA","TDK Corporation","TDK Corporation","CAP CER 2200PF 50V X7R 0402","57,295","0.1","0","1","Tape & Reel (TR),Cut Tape (CT),Digi-Reel®","C","Active","2200 pF","±10%","50V","X7R","-55°C ~ 125°C","Low ESL","-","General Purpose","-","Surface Mount, MLCC","0402 (1005 Metric)","0.039"" L x 0.020"" W (1.00mm x 0.50mm)","-","0.022"" (0.55mm)","-","-"
"https://product.tdk.com/system/files/dam/doc/product/capacitor/ceramic/mlcc/catalog/mlcc_commercial_general_en.pdf","//mm.digikey.com/Volume0/opasdata/d220001/medias/images/773/0402-(1005-Metric)-0.70mm-C-Series.jpg","445-7376-2-ND,445-7376-1-ND,445-7376-6-ND","C1005X5R1H102K050BA","TDK Corporation","TDK Corporation","CAP CER 1000PF 50V X5R 0402","40,024","0.1","0","1","Tape & Reel (TR),Cut Tape (CT),Digi-Reel®","C","Active","1000 pF","±10%","50V","X5R","-55°C ~ 85°C","Low ESL","-","General Purpose","-","Surface Mount, MLCC","0402 (1005 Metric)","0.039"" L x 0.020"" W (1.00mm x 0.50mm)","-","0.022"" (0.55mm)","-","-"
"https://product.tdk.com/system/files/dam/doc/product/capacitor/ceramic/mlcc/catalog/mlcc_commercial_general_en.pdf","//mm.digikey.com/Volume0/opasdata/d220001/medias/images/2482/0402 C Series Thick .50.jpg","445-1260-2-ND,445-1260-1-ND,445-1260-6-ND","C1005X7R1E103K050BB","TDK Corporation","TDK Corporation","CAP CER 10000PF 25V X7R 0402","1,899","0.1","0","1","Tape & Reel (TR),Cut Tape (CT),Digi-Reel®","C","Active","10000 pF","±10%","25V","X7R","-55°C ~ 125°C","Low ESL","-","General Purpose","-","Surface Mount, MLCC","0402 (1005 Metric)","0.039"" L x 0.020"" W (1.00mm x 0.50mm)","-","0.022"" (0.55mm)","-","-"
"https://product.tdk.com/system/files/dam/doc/product/capacitor/ceramic/mlcc/catalog/mlcc_commercial_general_en.pdf","//mm.digikey.com/Volume0/opasdata/d220001/medias/images/773/0402-(1005-Metric)-0.70mm-C-Series.jpg","445-1258-2-ND,445-1258-1-ND,445-1258-6-ND","C1005X7R1H472K050BA","TDK Corporation","TDK Corporation","CAP CER 4700PF 50V X7R 0402","86,187","0.1","0","1","Tape & Reel (TR),Cut Tape (CT),Digi-Reel®","C","Active","4700 pF","±10%","50V","X7R","-55°C ~ 125°C","Low ESL","-","General Purpose","-","Surface Mount, MLCC","0402 (1005 Metric)","0.039"" L x 0.020"" W (1.00mm x 0.50mm)","-","0.022"" (0.55mm)","-","-"
"https://product.tdk.com/system/files/dam/doc/product/capacitor/ceramic/mlcc/catalog/mlcc_commercial_general_en.pdf","//mm.digikey.com/Volume0/opasdata/d220001/medias/images/773/0402-(1005-Metric)-0.70mm-C-Series.jpg","445-7388-2-ND,445-7388-1-ND,445-7388-6-ND","C1005X5R1E223K050BA","TDK Corporation","TDK Corporation","CAP CER 0.022UF 25V X5R 0402","38,768","0.1","0","1","Tape & Reel (TR),Cut Tape (CT),Digi-Reel®","C","Active","0.022 µF","±10%","25V","X5R","-55°C ~ 85°C","Low ESL","-","General Purpose","-","Surface Mount, MLCC","0402 (1005 Metric)","0.039"" L x 0.020"" W (1.00mm x 0.50mm)","-","0.022"" (0.55mm)","-","-"
"https://product.tdk.com/system/files/dam/doc/product/capacitor/ceramic/mlcc/catalog/mlcc_commercial_general_en.pdf","//mm.digikey.com/Volume0/opasdata/d220001/medias/images/773/0402-(1005-Metric)-0.70mm-C-Series.jpg","445-1239-2-ND,445-1239-1-ND,445-1239-6-ND","C1005C0G1H220J050BA","TDK Corporation","TDK Corporation","CAP CER 22PF 50V C0G 0402","265,912","0.1","0","1","Tape & Reel (TR),Cut Tape (CT),Digi-Reel®","C","Active","22 pF","±5%","50V","C0G, NP0","-55°C ~ 125°C","Low ESL","-","General Purpose","-","Surface Mount, MLCC","0402 (1005 Metric)","0.039"" L x 0.020"" W (1.00mm x 0.50mm)","-","0.022"" (0.55mm)","-","-"
"https://product.tdk.com/system/files/dam/doc/product/capacitor/ceramic/mlcc/catalog/mlcc_commercial_general_en.pdf","//mm.digikey.com/Volume0/opasdata/d220001/medias/images/773/0402-(1005-Metric)-0.70mm-C-Series.jpg","445-1247-2-ND,445-1247-1-ND,445-1247-6-ND","C1005C0G1H101J050BA","TDK Corporation","TDK Corporation","CAP CER 100PF 50V C0G 0402","171,264","0.1","0","1","Tape & Reel (TR),Cut Tape (CT),Digi-Reel®","C","Active","100 pF","±5%","50V","C0G, NP0","-55°C ~ 125°C","Low ESL","-","General Purpose","-","Surface Mount, MLCC","0402 (1005 Metric)","0.039"" L x 0.020"" W (1.00mm x 0.50mm)","-","0.022"" (0.55mm)","-","-"
"https://product.tdk.com/system/files/dam/doc/product/capacitor/ceramic/mlcc/catalog/mlcc_commercial_general_en.pdf","//mm.digikey.com/Volume0/opasdata/d220001/medias/images/2482/0402 C Series Thick .50.jpg","445-1261-2-ND,445-1261-1-ND,445-1261-6-ND","C1005X7R1E223K050BB","TDK Corporation","TDK Corporation","CAP CER 0.022UF 25V X7R 0402","374,634","0.1","0","1","Tape & Reel (TR),Cut Tape (CT),Digi-Reel®","C","Active","0.022 µF","±10%","25V","X7R","-55°C ~ 125°C","Low ESL","-","General Purpose","-","Surface Mount, MLCC","0402 (1005 Metric)","0.039"" L x 0.020"" W (1.00mm x 0.50mm)","-","0.022"" (0.55mm)","-","-"
"https://product.tdk.com/system/files/dam/doc/product/capacitor/ceramic/mlcc/catalog/mlcc_commercial_general_en.pdf","//mm.digikey.com/Volume0/opasdata/d220001/medias/images/773/0402-(1005-Metric)-0.70mm-C-Series.jpg","445-1251-2-ND,445-1251-1-ND,445-1251-6-ND","C1005C0G1H221J050BA","TDK Corporation","TDK Corporation","CAP CER 220PF 50V C0G 0402","6,397","0.1","0","1","Tape & Reel (TR),Cut Tape (CT),Digi-Reel®","C","Active","220 pF","±5%","50V","C0G, NP0","-55°C ~ 125°C","Low ESL","-","General Purpose","-","Surface Mount, MLCC","0402 (1005 Metric)","0.039"" L x 0.020"" W (1.00mm x 0.50mm)","-","0.022"" (0.55mm)","-","-"
"https://product.tdk.com/system/files/dam/doc/product/capacitor/ceramic/mlcc/catalog/mlcc_commercial_general_en.pdf","//mm.digikey.com/Volume0/opasdata/d220001/medias/images/773/0402-(1005-Metric)-0.70mm-C-Series.jpg","445-4960-2-ND,445-4960-1-ND,445-4960-6-ND","C1005X5R1E473K050BA","TDK Corporation","TDK Corporation","CAP CER 0.047UF 25V X5R 0402","71,286","0.1","0","1","Tape & Reel (TR),Cut Tape (CT),Digi-Reel®","C","Active","0.047 µF","±10%","25V","X5R","-55°C ~ 85°C","Low ESL","-","General Purpose","-","Surface Mount, MLCC","0402 (1005 Metric)","0.039"" L x 0.020"" W (1.00mm x 0.50mm)","-","0.022"" (0.55mm)","-","-"
"https://product.tdk.com/system/files/dam/doc/product/capacitor/ceramic/mlcc/catalog/mlcc_commercial_general_en.pdf","//mm.digikey.com/Volume0/opasdata/d220001/medias/images/2482/0402 C Series Thick .50.jpg","445-C1005X7R1C473K050BCTR-ND,445-C1005X7R1C473K050BCCT-ND,445-C1005X7R1C473K050BCDKR-ND","C1005X7R1C473K050BC","TDK Corporation","TDK Corporation","CAP CER 0.047UF 16V X7R 0402","34,757","0.1","0","1","Tape & Reel (TR),Cut Tape (CT),Digi-Reel®","C","Active","0.047 µF","±10%","16V","X7R","-55°C ~ 125°C","Low ESL","-","General Purpose","-","Surface Mount, MLCC","0402 (1005 Metric)","0.039"" L x 0.020"" W (1.00mm x 0.50mm)","-","0.022"" (0.55mm)","-","-"
"https://product.tdk.com/system/files/dam/doc/product/capacitor/ceramic/mlcc/catalog/mlcc_commercial_general_en.pdf","//mm.digikey.com/Volume0/opasdata/d220001/medias/images/773/0402-(1005-Metric)-0.70mm-C-Series.jpg","445-4970-2-ND,445-4970-1-ND,445-4970-6-ND","C1005X5R1C104K050BA","TDK Corporation","TDK Corporation","CAP CER 0.1UF 16V X5R 0402","475,724","0.1","0","1","Tape & Reel (TR),Cut Tape (CT),Digi-Reel®","C","Active","0.1 µF","±10%","16V","X5R","-55°C ~ 85°C","Low ESL","-","General Purpose","-","Surface Mount, MLCC","0402 (1005 Metric)","0.039"" L x 0.020"" W (1.00mm x 0.50mm)","-","0.022"" (0.55mm)","-","-"
"https://product.tdk.com/system/files/dam/doc/product/capacitor/ceramic/mlcc/catalog/mlcc_commercial_general_en.pdf","//mm.digikey.com/Volume0/opasdata/d220001/medias/images/773/0402-(1005-Metric)-0.70mm-C-Series.jpg","445-1235-2-ND,445-1235-1-ND,445-1235-6-ND","C1005C0G1H100D050BA","TDK Corporation","TDK Corporation","CAP CER 10PF 50V C0G 0402","32,975","0.1","0","1","Tape & Reel (TR),Cut Tape (CT),Digi-Reel®","C","Active","10 pF","±0.5pF","50V","C0G, NP0","-55°C ~ 125°C","Low ESL","-","General Purpose","-","Surface Mount, MLCC","0402 (1005 Metric)","0.039"" L x 0.020"" W (1.00mm x 0.50mm)","-","0.022"" (0.55mm)","-","-"
"https://product.tdk.com/system/files/dam/doc/product/capacitor/ceramic/mlcc/catalog/mlcc_commercial_general_en.pdf","//mm.digikey.com/Volume0/opasdata/d220001/medias/images/773/0402-(1005-Metric)-0.70mm-C-Series.jpg","445-4941-2-ND,445-4941-1-ND,445-4941-6-ND","C1005X7R1E473K050BC","TDK Corporation","TDK Corporation","CAP CER 0.047UF 25V X7R 0402","188,962","0.1","0","1","Tape & Reel (TR),Cut Tape (CT),Digi-Reel®","C","Active","0.047 µF","±10%","25V","X7R","-55°C ~ 125°C","Low ESL","-","General Purpose","-","Surface Mount, MLCC","0402 (1005 Metric)","0.039"" L x 0.020"" W (1.00mm x 0.50mm)","-","0.022"" (0.55mm)","-","-"
"https://product.tdk.com/system/files/dam/doc/product/capacitor/ceramic/mlcc/catalog/mlcc_commercial_general_en.pdf","//mm.digikey.com/Volume0/opasdata/d220001/medias/images/773/0402-(1005-Metric)-0.70mm-C-Series.jpg","445-1254-2-ND,445-1254-1-ND,445-1254-6-ND","C1005X7R1H221K050BA","TDK Corporation","TDK Corporation","CAP CER 220PF 50V X7R 0402","24,591","0.1","0","1","Tape & Reel (TR),Cut Tape (CT),Digi-Reel®","C","Active","220 pF","±10%","50V","X7R","-55°C ~ 125°C","Low ESL","-","General Purpose","-","Surface Mount, MLCC","0402 (1005 Metric)","0.039"" L x 0.020"" W (1.00mm x 0.50mm)","-","0.022"" (0.55mm)","-","-"
"https://product.tdk.com/system/files/dam/doc/product/capacitor/ceramic/mlcc/catalog/mlcc_commercial_general_en.pdf","//mm.digikey.com/Volume0/opasdata/d220001/medias/images/773/0402-(1005-Metric)-0.70mm-C-Series.jpg","445-7332-2-ND,445-7332-1-ND,445-7332-6-ND","C1005X7R1H223K050BB","TDK Corporation","TDK Corporation","CAP CER 0.022UF 50V X7R 0402","34,565","0.1","0","1","Tape & Reel (TR),Cut Tape (CT),Digi-Reel®","C","Active","0.022 µF","±10%","50V","X7R","-55°C ~ 125°C","Low ESL","-","General Purpose","-","Surface Mount, MLCC","0402 (1005 Metric)","0.039"" L x 0.020"" W (1.00mm x 0.50mm)","-","0.022"" (0.55mm)","-","-"
"https://product.tdk.com/system/files/dam/doc/product/capacitor/ceramic/mlcc/catalog/mlcc_commercial_general_en.pdf","//mm.digikey.com/Volume0/opasdata/d220001/medias/images/773/0402-(1005-Metric)-0.70mm-C-Series.jpg","445-10549-2-ND,445-10549-1-ND,445-10549-6-ND","C1005X5R1H103K050BB","TDK Corporation","TDK Corporation","CAP CER 10000PF 50V X5R 0402","48,352","0.11","0","1","Tape & Reel (TR),Cut Tape (CT),Digi-Reel®","C","Active","10000 pF","±10%","50V","X5R","-55°C ~ 85°C","Low ESL","-","General Purpose","-","Surface Mount, MLCC","0402 (1005 Metric)","0.039"" L x 0.020"" W (1.00mm x 0.50mm)","-","0.022"" (0.55mm)","-","-"
"https://product.tdk.com/en/search/set_distributor?back_url=/en/catalog/datasheets/mlcc_commercial_hightemp_en.pdf&ref_disty=digikey","//mm.digikey.com/Volume0/opasdata/d220001/medias/images/773/0402-(1005-Metric)-0.70mm-C-Series.jpg","445-13784-2-ND,445-13784-1-ND,445-13784-6-ND","C1005NP01H101J050BA","TDK Corporation","TDK Corporation","CAP CER 100PF 50V NP0 0402","206,648","0.11","0","1","Tape & Reel (TR),Cut Tape (CT),Digi-Reel®","C","Active","100 pF","±5%","50V","C0G, NP0","-55°C ~ 150°C","High Temperature","-","General Purpose","-","Surface Mount, MLCC","0402 (1005 Metric)","0.039"" L x 0.020"" W (1.00mm x 0.50mm)","-","0.022"" (0.55mm)","-","-"
"https://product.tdk.com/en/search/set_distributor?back_url=/en/catalog/datasheets/mlcc_commercial_hightemp_en.pdf&ref_disty=digikey","//mm.digikey.com/Volume0/opasdata/d220001/medias/images/773/0402-(1005-Metric)-0.70mm-C-Series.jpg","445-13783-2-ND,445-13783-1-ND,445-13783-6-ND","C1005NP01H100D050BA","TDK Corporation","TDK Corporation","CAP CER 10PF 50V NP0 0402","75,879","0.11","0","1","Tape & Reel (TR),Cut Tape (CT),Digi-Reel®","C","Active","10 pF","±0.5pF","50V","C0G, NP0","-55°C ~ 150°C","High Temperature","-","General Purpose","-","Surface Mount, MLCC","0402 (1005 Metric)","0.039"" L x 0.020"" W (1.00mm x 0.50mm)","-","0.022"" (0.55mm)","-","-"
"https://product.tdk.com/en/search/set_distributor?back_url=/en/catalog/datasheets/mlcc_commercial_hightemp_en.pdf&ref_disty=digikey","//mm.digikey.com/Volume0/opasdata/d220001/medias/images/773/0402-(1005-Metric)-0.70mm-C-Series.jpg","445-13774-2-ND,445-13774-1-ND,445-13774-6-ND","C1005NP01H010C050BA","TDK Corporation","TDK Corporation","CAP CER 1PF 50V NP0 0402","38,695","0.11","0","1","Tape & Reel (TR),Cut Tape (CT),Digi-Reel®","C","Active","1 pF","±0.25pF","50V","C0G, NP0","-55°C ~ 150°C","High Temperature","-","General Purpose","-","Surface Mount, MLCC","0402 (1005 Metric)","0.039"" L x 0.020"" W (1.00mm x 0.50mm)","-","0.022"" (0.55mm)","-","-"
"https://product.tdk.com/en/search/set_distributor?back_url=/en/catalog/datasheets/mlcc_commercial_hightemp_en.pdf&ref_disty=digikey","//mm.digikey.com/Volume0/opasdata/d220001/medias/images/773/0402-(1005-Metric)-0.70mm-C-Series.jpg","445-13778-2-ND,445-13778-1-ND,445-13778-6-ND","C1005NP01H050C050BA","TDK Corporation","TDK Corporation","CAP CER 5PF 50V NP0 0402","40,262","0.11","0","1","Tape & Reel (TR),Cut Tape (CT),Digi-Reel®","C","Active","5 pF","±0.25pF","50V","C0G, NP0","-55°C ~ 150°C","High Temperature","-","General Purpose","-","Surface Mount, MLCC","0402 (1005 Metric)","0.039"" L x 0.020"" W (1.00mm x 0.50mm)","-","0.022"" (0.55mm)","-","-"
"https://product.tdk.com/en/search/set_distributor?back_url=/en/catalog/datasheets/mlcc_commercial_hightemp_en.pdf&ref_disty=digikey","//mm.digikey.com/Volume0/opasdata/d220001/medias/images/773/0402-(1005-Metric)-0.70mm-C-Series.jpg","445-13803-2-ND,445-13803-1-ND,445-13803-6-ND","C1005NP01H470J050BA","TDK Corporation","TDK Corporation","CAP CER 47PF 50V NP0 0402","32,385","0.11","0","1","Tape & Reel (TR),Cut Tape (CT),Digi-Reel®","C","Active","47 pF","±5%","50V","C0G, NP0","-55°C ~ 150°C","High Temperature","-","General Purpose","-","Surface Mount, MLCC","0402 (1005 Metric)","0.039"" L x 0.020"" W (1.00mm x 0.50mm)","-","0.022"" (0.55mm)","-","-"
"https://product.tdk.com/en/search/set_distributor?back_url=/en/catalog/datasheets/mlcc_commercial_hightemp_en.pdf&ref_disty=digikey","//mm.digikey.com/Volume0/opasdata/d220001/medias/images/773/0402-(1005-Metric)-0.70mm-C-Series.jpg","445-13798-2-ND,445-13798-1-ND,445-13798-6-ND","C1005NP01H330J050BA","TDK Corporation","TDK Corporation","CAP CER 33PF 50V NP0 0402","29,153","0.11","0","1","Tape & Reel (TR),Cut Tape (CT),Digi-Reel®","C","Active","33 pF","±5%","50V","C0G, NP0","-55°C ~ 150°C","High Temperature","-","General Purpose","-","Surface Mount, MLCC","0402 (1005 Metric)","0.039"" L x 0.020"" W (1.00mm x 0.50mm)","-","0.022"" (0.55mm)","-","-"
"https://product.tdk.com/system/files/dam/doc/product/capacitor/ceramic/mlcc/catalog/mlcc_commercial_general_en.pdf","//mm.digikey.com/Volume0/opasdata/d220001/medias/images/773/0402-(1005-Metric)-0.70mm-C-Series.jpg","445-7344-2-ND,445-7344-1-ND,445-7344-6-ND","C1005X7R1V104K050BB","TDK Corporation","TDK Corporation","CAP CER 0.1UF 35V X7R 0402","132,903","0.11","0","1","Tape & Reel (TR),Cut Tape (CT),Digi-Reel®","C","Active","0.1 µF","±10%","35V","X7R","-55°C ~ 125°C","Low ESL","-","General Purpose","-","Surface Mount, MLCC","0402 (1005 Metric)","0.039"" L x 0.020"" W (1.00mm x 0.50mm)","-","0.022"" (0.55mm)","-","-"
"https://product.tdk.com/system/files/dam/doc/product/capacitor/ceramic/mlcc/catalog/mlcc_commercial_general_en.pdf","//mm.digikey.com/Volume0/opasdata/d220001/medias/images/773/0402-(1005-Metric)-0.70mm-C-Series.jpg","445-7382-2-ND,445-7382-1-ND,445-7382-6-ND","C1005X5R1H473K050BB","TDK Corporation","TDK Corporation","CAP CER 0.047UF 50V X5R 0402","48,901","0.11","0","1","Tape & Reel (TR),Cut Tape (CT),Digi-Reel®","C","Active","0.047 µF","±10%","50V","X5R","-55°C ~ 85°C","Low ESL","-","General Purpose","-","Surface Mount, MLCC","0402 (1005 Metric)","0.039"" L x 0.020"" W (1.00mm x 0.50mm)","-","0.022"" (0.55mm)","-","-"
"https://product.tdk.com/system/files/dam/doc/product/capacitor/ceramic/mlcc/catalog/mlcc_commercial_general_en.pdf","//mm.digikey.com/Volume0/opasdata/d220001/medias/images/773/0402-(1005-Metric)-0.70mm-C-Series.jpg","445-C1005X6S1A474K050BCTR-ND,445-C1005X6S1A474K050BCCT-ND,445-C1005X6S1A474K050BCDKR-ND","C1005X6S1A474K050BC","TDK Corporation","TDK Corporation","CAP CER 0.47UF 10V X6S 0402","28,822","0.1","0","1","Tape & Reel (TR),Cut Tape (CT),Digi-Reel®","C","Active","0.47 µF","±10%","10V","X6S","-55°C ~ 105°C","Low ESL","-","General Purpose","-","Surface Mount, MLCC","0402 (1005 Metric)","0.039"" L x 0.020"" W (1.00mm x 0.50mm)","-","0.022"" (0.55mm)","-","-"
"https://product.tdk.com/en/search/set_distributor?back_url=/en/catalog/datasheets/mlcc_commercial_hightemp_en.pdf&ref_disty=digikey","//mm.digikey.com/Volume0/opasdata/d220001/medias/images/773/0402-(1005-Metric)-0.70mm-C-Series.jpg","445-13794-2-ND,445-13794-1-ND,445-13794-6-ND","C1005NP01H221J050BA","TDK Corporation","TDK Corporation","CAP CER 220PF 50V NP0 0402","62,538","0.12","0","1","Tape & Reel (TR),Cut Tape (CT),Digi-Reel®","C","Active","220 pF","±5%","50V","C0G, NP0","-55°C ~ 150°C","High Temperature","-","General Purpose","-","Surface Mount, MLCC","0402 (1005 Metric)","0.039"" L x 0.020"" W (1.00mm x 0.50mm)","-","0.022"" (0.55mm)","-","-"
"https://product.tdk.com/en/search/set_distributor?back_url=/en/catalog/datasheets/mlcc_commercial_hightemp_en.pdf&ref_disty=digikey","//mm.digikey.com/Volume0/opasdata/d220001/medias/images/773/0402-(1005-Metric)-0.70mm-C-Series.jpg","445-13789-2-ND,445-13789-1-ND,445-13789-6-ND","C1005NP01H151J050BA","TDK Corporation","TDK Corporation","CAP CER 150PF 50V NP0 0402","39,812","0.12","0","1","Tape & Reel (TR),Cut Tape (CT),Digi-Reel®","C","Active","150 pF","±5%","50V","C0G, NP0","-55°C ~ 150°C","High Temperature","-","General Purpose","-","Surface Mount, MLCC","0402 (1005 Metric)","0.039"" L x 0.020"" W (1.00mm x 0.50mm)","-","0.022"" (0.55mm)","-","-"
"https://product.tdk.com/system/files/dam/doc/product/capacitor/ceramic/mlcc/catalog/mlcc_commercial_general_en.pdf","//mm.digikey.com/Volume0/opasdata/d220001/medias/images/773/0402-(1005-Metric)-0.70mm-C-Series.jpg","445-8015-2-ND,445-8015-1-ND,445-8015-6-ND","C1005X6S1C474K050BC","TDK Corporation","TDK Corporation","CAP CER 0.47UF 16V X6S 0402","20,474","0.12","0","1","Tape & Reel (TR),Cut Tape (CT),Digi-Reel®","C","Active","0.47 µF","±10%","16V","X6S","-55°C ~ 105°C","Low ESL","-","General Purpose","-","Surface Mount, MLCC","0402 (1005 Metric)","0.039"" L x 0.020"" W (1.00mm x 0.50mm)","-","0.022"" (0.55mm)","-","-"
"https://product.tdk.com/system/files/dam/doc/product/capacitor/ceramic/mlcc/catalog/mlcc_commercial_general_en.pdf","//mm.digikey.com/Volume0/opasdata/d220001/medias/images/773/0402-(1005-Metric)-0.70mm-C-Series.jpg","445-7368-2-ND,445-7368-1-ND,445-7368-6-ND","C1005X6S1A105K050BC","TDK Corporation","TDK Corporation","CAP CER 1UF 10V X6S 0402","51,481","0.12","0","1","Tape & Reel (TR),Cut Tape (CT),Digi-Reel®","C","Active","1 µF","±10%","10V","X6S","-55°C ~ 105°C","Low ESL","-","General Purpose","-","Surface Mount, MLCC","0402 (1005 Metric)","0.039"" L x 0.020"" W (1.00mm x 0.50mm)","-","0.022"" (0.55mm)","-","-"
"https://product.tdk.com/system/files/dam/doc/product/capacitor/ceramic/mlcc/catalog/mlcc_commercial_general_en.pdf","//mm.digikey.com/Volume0/opasdata/d220001/medias/images/773/0402-(1005-Metric)-0.70mm-C-Series.jpg","445-6846-2-ND,445-6846-1-ND,445-6846-6-ND","C1005C0G1H102J050BA","TDK Corporation","TDK Corporation","CAP CER 1000PF 50V C0G 0402","2,461,233","0.13","0","1","Tape & Reel (TR),Cut Tape (CT),Digi-Reel®","C","Active","1000 pF","±5%","50V","C0G, NP0","-55°C ~ 125°C","Low ESL","-","General Purpose","-","Surface Mount, MLCC","0402 (1005 Metric)","0.039"" L x 0.020"" W (1.00mm x 0.50mm)","-","0.022"" (0.55mm)","-","-"
"https://product.tdk.com/system/files/dam/doc/product/capacitor/ceramic/mlcc/catalog/mlcc_commercial_soft_en.pdf","//mm.digikey.com/Volume0/opasdata/d220001/medias/images/773/0402-(1005-Metric)-0.70mm-C-Series.jpg","445-173651-2-ND,445-173651-1-ND,445-173651-6-ND","C1005X7R1H472K050BE","TDK Corporation","TDK Corporation","CAP CER 4700PF 50V X7R 0402","47,772","0.13","0","1","Tape & Reel (TR),Cut Tape (CT),Digi-Reel®","C","Active","4700 pF","±10%","50V","X7R","-55°C ~ 125°C","Soft Termination","-","Boardflex Sensitive","-","Surface Mount, MLCC","0402 (1005 Metric)","0.039"" L x 0.020"" W (1.00mm x 0.50mm)","-","0.024"" (0.60mm)","-","-"
"https://product.tdk.com/system/files/dam/doc/product/capacitor/ceramic/mlcc/catalog/mlcc_commercial_soft_en.pdf","//mm.digikey.com/Volume0/opasdata/d220001/medias/images/704/MFG_C1005-G.jpg","445-180259-2-ND,445-180259-1-ND,445-180259-6-ND","C1005C0G2A101J050BE","TDK Corporation","TDK Corporation","CAP CER 100PF 100V C0G/NP0 0402","28,003","0.13","0","1","Tape & Reel (TR),Cut Tape (CT),Digi-Reel®","C","Active","100 pF","±5%","100V","C0G, NP0","-55°C ~ 125°C","Soft Termination","-","Boardflex Sensitive","-","Surface Mount, MLCC","0402 (1005 Metric)","0.039"" L x 0.020"" W (1.00mm x 0.50mm)","-","0.024"" (0.60mm)","-","-"
"https://product.tdk.com/system/files/dam/doc/product/capacitor/ceramic/mlcc/catalog/mlcc_commercial_soft_en.pdf","//mm.digikey.com/Volume0/opasdata/d220001/medias/images/773/0402-(1005-Metric)-0.70mm-C-Series.jpg","445-175217-2-ND,445-175217-1-ND,445-175217-6-ND","C1005X5R1E474K050BE","TDK Corporation","TDK Corporation","CAP CER 0.47UF 25V X5R 0402","195,901","0.14","0","1","Tape & Reel (TR),Cut Tape (CT),Digi-Reel®","C","Active","0.47 µF","±10%","25V","X5R","-55°C ~ 85°C","Soft Termination","-","Boardflex Sensitive","-","Surface Mount, MLCC","0402 (1005 Metric)","0.039"" L x 0.020"" W (1.00mm x 0.50mm)","-","0.024"" (0.60mm)","-","-"
"https://product.tdk.com/system/files/dam/doc/product/capacitor/ceramic/mlcc/catalog/mlcc_commercial_general_en.pdf","//mm.digikey.com/Volume0/opasdata/d220001/medias/images/2482/0402 C Series Thick .50.jpg","445-4972-2-ND,445-4972-1-ND,445-4972-6-ND","C1005X5R1C224K050BB","TDK Corporation","TDK Corporation","CAP CER 0.22UF 16V X5R 0402","466,253","0.14","0","1","Tape & Reel (TR),Cut Tape (CT),Digi-Reel®","C","Active","0.22 µF","±10%","16V","X5R","-55°C ~ 85°C","Low ESL","-","General Purpose","-","Surface Mount, MLCC","0402 (1005 Metric)","0.039"" L x 0.020"" W (1.00mm x 0.50mm)","-","0.022"" (0.55mm)","-","-"
"https://product.tdk.com/system/files/dam/doc/product/capacitor/ceramic/mlcc/catalog/mlcc_commercial_soft_en.pdf","//mm.digikey.com/Volume0/opasdata/d220001/medias/images/773/0402-(1005-Metric)-0.70mm-C-Series.jpg","445-173619-2-ND,445-173619-1-ND,445-173619-6-ND","C1005C0G1H101J050BE","TDK Corporation","TDK Corporation","CAP CER 100PF 50V NP0 0402","50,752","0.15","0","1","Tape & Reel (TR),Cut Tape (CT),Digi-Reel®","C","Active","100 pF","±5%","50V","C0G, NP0","-55°C ~ 125°C","Soft Termination","-","Boardflex Sensitive","-","Surface Mount, MLCC","0402 (1005 Metric)","0.039"" L x 0.020"" W (1.00mm x 0.50mm)","-","0.024"" (0.60mm)","-","-"
"https://product.tdk.com/en/system/files?file=dam/doc/product/capacitor/ceramic/mlcc/catalog/mlcc_commercial_midvoltage_en.pdf","//mm.digikey.com/Volume0/opasdata/d220001/medias/images/773/0402-(1005-Metric)-0.70mm-C-Series.jpg","445-15198-2-ND,445-15198-1-ND,445-15198-6-ND","C1005C0G2A221J050BA","TDK Corporation","TDK Corporation","CAP CER 220PF 100V C0G 0402","22,949","0.15","0","1","Tape & Reel (TR),Cut Tape (CT),Digi-Reel®","C","Active","220 pF","±5%","100V","C0G, NP0","-55°C ~ 125°C","-","-","General Purpose","-","Surface Mount, MLCC","0402 (1005 Metric)","0.039"" L x 0.020"" W (1.00mm x 0.50mm)","-","0.022"" (0.55mm)","-","-"
"https://product.tdk.com/en/system/files?file=dam/doc/product/capacitor/ceramic/mlcc/catalog/mlcc_commercial_midvoltage_en.pdf","//mm.digikey.com/Volume0/opasdata/d220001/medias/images/773/0402-(1005-Metric)-0.70mm-C-Series.jpg","445-6018-2-ND,445-6018-1-ND,445-6018-6-ND","C1005X7S2A102K050BB","TDK Corporation","TDK Corporation","CAP CER 1000PF 100V X7S 0402","11,080","0.15","0","1","Tape & Reel (TR),Cut Tape (CT),Digi-Reel®","C","Active","1000 pF","±10%","100V","X7S","-55°C ~ 125°C","-","-","General Purpose","-","Surface Mount, MLCC","0402 (1005 Metric)","0.039"" L x 0.020"" W (1.00mm x 0.50mm)","-","0.022"" (0.55mm)","-","-"
"https://product.tdk.com/en/system/files?file=dam/doc/product/capacitor/ceramic/mlcc/catalog/mlcc_commercial_midvoltage_en.pdf","//mm.digikey.com/Volume0/opasdata/d220001/medias/images/773/0402-(1005-Metric)-0.70mm-C-Series.jpg","445-6026-2-ND,445-6026-1-ND,445-6026-6-ND","C1005X7S2A472K050BB","TDK Corporation","TDK Corporation","CAP CER 4700PF 100V X7S 0402","12,943","0.16","0","1","Tape & Reel (TR),Cut Tape (CT),Digi-Reel®","C","Active","4700 pF","±10%","100V","X7S","-55°C ~ 125°C","-","-","General Purpose","-","Surface Mount, MLCC","0402 (1005 Metric)","0.039"" L x 0.020"" W (1.00mm x 0.50mm)","-","0.022"" (0.55mm)","-","-"
"https://product.tdk.com/en/search/set_distributor?back_url=/en/catalog/datasheets/mlcc_commercial_hightemp_en.pdf&ref_disty=digikey","//mm.digikey.com/Volume0/opasdata/d220001/medias/images/773/0402-(1005-Metric)-0.70mm-C-Series.jpg","445-13785-2-ND,445-13785-1-ND,445-13785-6-ND","C1005NP01H102J050BA","TDK Corporation","TDK Corporation","CAP CER 1000PF 50V NP0 0402","23,951","0.16","0","1","Tape & Reel (TR),Cut Tape (CT),Digi-Reel®","C","Active","1000 pF","±5%","50V","C0G, NP0","-55°C ~ 150°C","High Temperature","-","General Purpose","-","Surface Mount, MLCC","0402 (1005 Metric)","0.039"" L x 0.020"" W (1.00mm x 0.50mm)","-","0.022"" (0.55mm)","-","-"
"https://product.tdk.com/system/files/dam/doc/product/capacitor/ceramic/mlcc/catalog/mlcc_commercial_general_en.pdf","//mm.digikey.com/Volume0/opasdata/d220001/medias/images/773/0402-(1005-Metric)-0.70mm-C-Series.jpg","445-13864-2-ND,445-13864-1-ND,445-13864-6-ND","C1005X5R1V474K050BC","TDK Corporation","TDK Corporation","CAP CER 0.47UF 35V X5R 0402","14,941","0.16","0","1","Tape & Reel (TR),Cut Tape (CT),Digi-Reel®","C","Active","0.47 µF","±10%","35V","X5R","-55°C ~ 85°C","Low ESL","-","General Purpose","-","Surface Mount, MLCC","0402 (1005 Metric)","0.039"" L x 0.020"" W (1.00mm x 0.50mm)","-","0.022"" (0.55mm)","-","-"
"https://product.tdk.com/system/files/dam/doc/product/capacitor/ceramic/mlcc/catalog/mlcc_commercial_soft_en.pdf","//mm.digikey.com/Volume0/opasdata/d220001/medias/images/773/0402-(1005-Metric)-0.70mm-C-Series.jpg","445-173623-2-ND,445-173623-1-ND,445-173623-6-ND","C1005X7R1H103K050BE","TDK Corporation","TDK Corporation","CAP CER 10000PF 50V X7R 0402","53,153","0.17","0","1","Tape & Reel (TR),Cut Tape (CT),Digi-Reel®","C","Active","10000 pF","±10%","50V","X7R","-55°C ~ 125°C","Soft Termination","-","Boardflex Sensitive","-","Surface Mount, MLCC","0402 (1005 Metric)","0.039"" L x 0.020"" W (1.00mm x 0.50mm)","-","0.024"" (0.60mm)","-","-"
"https://product.tdk.com/system/files/dam/doc/product/capacitor/ceramic/mlcc/catalog/mlcc_commercial_soft_en.pdf","//mm.digikey.com/Volume0/opasdata/d220001/medias/images/773/0402-(1005-Metric)-0.70mm-C-Series.jpg","445-173654-2-ND,445-173654-1-ND,445-173654-6-ND","C1005X7R1H223K050BE","TDK Corporation","TDK Corporation","CAP CER 0.022UF 50V X7R 0402","20,747","0.17","0","1","Tape & Reel (TR),Cut Tape (CT),Digi-Reel®","C","Active","0.022 µF","±10%","50V","X7R","-55°C ~ 125°C","Soft Termination","-","Boardflex Sensitive","-","Surface Mount, MLCC","0402 (1005 Metric)","0.039"" L x 0.020"" W (1.00mm x 0.50mm)","-","0.024"" (0.60mm)","-","-"
"https://product.tdk.com/system/files/dam/doc/product/capacitor/ceramic/mlcc/catalog/mlcc_commercial_general_en.pdf","//mm.digikey.com/Volume0/opasdata/d220001/medias/images/773/0402-(1005-Metric)-0.70mm-C-Series.jpg","445-174211-2-ND,445-174211-1-ND,445-174211-6-ND","C1005X7R1V224K050BC","TDK Corporation","TDK Corporation","CAP CER 0.22UF 35V X7R 0402","16,206","0.17","0","1","Tape & Reel (TR),Cut Tape (CT),Digi-Reel®","C","Active","0.22 µF","±10%","35V","X7R","-55°C ~ 125°C","Low ESL","-","General Purpose","-","Surface Mount, MLCC","0402 (1005 Metric)","0.039"" L x 0.020"" W (1.00mm x 0.50mm)","-","0.022"" (0.55mm)","-","-"
"https://product.tdk.com/en/search/set_distributor?back_url=/en/catalog/datasheets/mlcc_commercial_hightemp_en.pdf&ref_disty=digikey","//mm.digikey.com/Volume0/opasdata/d220001/medias/images/773/0402-(1005-Metric)-0.70mm-C-Series.jpg","445-2494-2-ND,445-2494-1-ND,445-2494-6-ND","C1005X8R1E103K050BA","TDK Corporation","TDK Corporation","CAP CER 10000PF 25V X8R 0402","1,105,730","0.17","0","1","Tape & Reel (TR),Cut Tape (CT),Digi-Reel®","C","Active","10000 pF","±10%","25V","X8R","-55°C ~ 150°C","High Temperature","-","General Purpose","-","Surface Mount, MLCC","0402 (1005 Metric)","0.039"" L x 0.020"" W (1.00mm x 0.50mm)","-","0.022"" (0.55mm)","-","-"
"https://product.tdk.com/system/files/dam/doc/product/capacitor/ceramic/mlcc/catalog/mlcc_commercial_general_en.pdf","//mm.digikey.com/Volume0/opasdata/d220001/medias/images/773/0402-(1005-Metric)-0.70mm-C-Series.jpg","445-9113-2-ND,445-9113-1-ND,445-9113-6-ND","C1005X7S0J105K050BC","TDK Corporation","TDK Corporation","CAP CER 1UF 6.3V X7S 0402","14,100","0.19","0","1","Tape & Reel (TR),Cut Tape (CT),Digi-Reel®","C","Active","1 µF","±10%","6.3V","X7S","-55°C ~ 125°C","Low ESL","-","General Purpose","-","Surface Mount, MLCC","0402 (1005 Metric)","0.039"" L x 0.020"" W (1.00mm x 0.50mm)","-","0.022"" (0.55mm)","-","-"
"https://product.tdk.com/en/search/set_distributor?back_url=/en/catalog/datasheets/mlcc_commercial_hightemp_en.pdf&ref_disty=digikey","//mm.digikey.com/Volume0/opasdata/d220001/medias/images/773/0402-(1005-Metric)-0.70mm-C-Series.jpg","445-8851-2-ND,445-8851-1-ND,445-8851-6-ND","C1005X8R1H103K050BB","TDK Corporation","TDK Corporation","CAP CER 10000PF 50V X8R 0402","53,845","0.19","0","1","Tape & Reel (TR),Cut Tape (CT),Digi-Reel®","C","Active","10000 pF","±10%","50V","X8R","-55°C ~ 150°C","High Temperature","-","General Purpose","-","Surface Mount, MLCC","0402 (1005 Metric)","0.039"" L x 0.020"" W (1.00mm x 0.50mm)","-","0.022"" (0.55mm)","-","-"
"https://product.tdk.com/system/files/dam/doc/product/capacitor/ceramic/mlcc/catalog/mlcc_commercial_soft_en.pdf","//mm.digikey.com/Volume0/opasdata/d220001/medias/images/773/0402-(1005-Metric)-0.70mm-C-Series.jpg","445-173779-2-ND,445-173779-1-ND,445-173779-6-ND","C1005X7R1E224K050BE","TDK Corporation","TDK Corporation","CAP CER 0.22UF 25V X7R 0402","244,225","0.22","0","1","Tape & Reel (TR),Cut Tape (CT),Digi-Reel®","C","Active","0.22 µF","±10%","25V","X7R","-55°C ~ 125°C","Soft Termination","-","Boardflex Sensitive","-","Surface Mount, MLCC","0402 (1005 Metric)","0.039"" L x 0.020"" W (1.00mm x 0.50mm)","-","0.024"" (0.60mm)","-","-"
"https://product.tdk.com/system/files/dam/doc/product/capacitor/ceramic/mlcc/catalog/mlcc_commercial_soft_en.pdf","//mm.digikey.com/Volume0/opasdata/d220001/medias/images/773/0402-(1005-Metric)-0.70mm-C-Series.jpg","445-173778-2-ND,445-173778-1-ND,445-173778-6-ND","C1005X7R1V224K050BE","TDK Corporation","TDK Corporation","CAP CER 0.22UF 35V X7R 0402","424,325","0.23","0","1","Tape & Reel (TR),Cut Tape (CT),Digi-Reel®","C","Active","0.22 µF","±10%","35V","X7R","-55°C ~ 125°C","Soft Termination","-","Boardflex Sensitive","-","Surface Mount, MLCC","0402 (1005 Metric)","0.039"" L x 0.020"" W (1.00mm x 0.50mm)","-","0.024"" (0.60mm)","-","-"
"https://product.tdk.com/system/files/dam/doc/product/capacitor/ceramic/mlcc/catalog/mlcc_commercial_soft_en.pdf","//mm.digikey.com/Volume0/opasdata/d220001/medias/images/773/0402-(1005-Metric)-0.70mm-C-Series.jpg","445-175219-2-ND,445-175219-1-ND,445-175219-6-ND","C1005X5R1V225K050BE","TDK Corporation","TDK Corporation","CAP CER 2.2UF 35V X5R 0402","39,812","0.3","0","1","Tape & Reel (TR),Cut Tape (CT),Digi-Reel®","C","Active","2.2 µF","±10%","35V","X5R","-55°C ~ 85°C","Soft Termination","-","Boardflex Sensitive","-","Surface Mount, MLCC","0402 (1005 Metric)","0.039"" L x 0.020"" W (1.00mm x 0.50mm)","-","0.028"" (0.70mm)","-","-"
"https://product.tdk.com/system/files/dam/doc/product/capacitor/ceramic/mlcc/catalog/mlcc_commercial_soft_en.pdf","//mm.digikey.com/Volume0/opasdata/d220001/medias/images/773/0402-(1005-Metric)-0.70mm-C-Series.jpg","445-175216-2-ND,445-175216-1-ND,445-175216-6-ND","C1005X5R1E225K050BE","TDK Corporation","TDK Corporation","CAP CER 2.2UF 25V X5R 0402","14,233","0.35","0","1","Tape & Reel (TR),Cut Tape (CT),Digi-Reel®","C","Active","2.2 µF","±10%","25V","X5R","-55°C ~ 85°C","Soft Termination","-","Boardflex Sensitive","-","Surface Mount, MLCC","0402 (1005 Metric)","0.039"" L x 0.020"" W (1.00mm x 0.50mm)","-","0.028"" (0.70mm)","-","-"
"https://product.tdk.com/system/files/dam/doc/product/capacitor/ceramic/mlcc/catalog/mlcc_commercial_general_en.pdf","//mm.digikey.com/Volume0/opasdata/d220001/medias/images/773/0402-(1005-Metric)-0.70mm-C-Series.jpg","445-8017-2-ND,445-8017-1-ND,445-8017-6-ND","C1005X6S0G475M050BC","TDK Corporation","TDK Corporation","CAP CER 4.7UF 4V X6S 0402","1,045,632","0.33","0","1","Tape & Reel (TR),Cut Tape (CT),Digi-Reel®","C","Active","4.7 µF","±20%","4V","X6S","-55°C ~ 105°C","Low ESL","-","General Purpose","-","Surface Mount, MLCC","0402 (1005 Metric)","0.039"" L x 0.020"" W (1.00mm x 0.50mm)","-","0.026"" (0.65mm)","-","-"
"https://product.tdk.com/system/files/dam/doc/product/capacitor/ceramic/mlcc/catalog/mlcc_commercial_soft_en.pdf","//mm.digikey.com/Volume0/opasdata/d220001/medias/images/773/0402-(1005-Metric)-0.70mm-C-Series.jpg","445-175213-2-ND,445-175213-1-ND,445-175213-6-ND","C1005X5R0J475K050BE","TDK Corporation","TDK Corporation","CAP CER 4.7UF 6.3V X5R 0402","949,747","0.42","0","1","Tape & Reel (TR),Cut Tape (CT),Digi-Reel®","C","Active","4.7 µF","±10%","6.3V","X5R","-55°C ~ 85°C","Soft Termination","-","Boardflex Sensitive","-","Surface Mount, MLCC","0402 (1005 Metric)","0.039"" L x 0.020"" W (1.00mm x 0.50mm)","-","0.028"" (0.70mm)","-","-"
"https://product.tdk.com/system/files/dam/doc/product/capacitor/ceramic/mlcc/catalog/mlcc_commercial_general_en.pdf","//mm.digikey.com/Volume0/opasdata/d220001/medias/images/773/0402-(1005-Metric)-0.70mm-C-Series.jpg","445-13850-2-ND,445-13850-1-ND,445-13850-6-ND","C1005X5R1H223K050BB","TDK Corporation","TDK Corporation","CAP CER 0.022UF 50V X5R 0402","23,285","0.11","0","1","Tape & Reel (TR),Cut Tape (CT),Digi-Reel®","C","Active","0.022 µF","±10%","50V","X5R","-55°C ~ 85°C","Low ESL","-","General Purpose","-","Surface Mount, MLCC","0402 (1005 Metric)","0.039"" L x 0.020"" W (1.00mm x 0.50mm)","-","0.022"" (0.55mm)","-","-"
"https://product.tdk.com/en/system/files?file=dam/doc/product/capacitor/ceramic/mlcc/catalog/mlcc_commercial_midvoltage_en.pdf","//mm.digikey.com/Volume0/opasdata/d220001/medias/images/773/0402-(1005-Metric)-0.70mm-C-Series.jpg","445-15194-2-ND,445-15194-1-ND,445-15194-6-ND","C1005C0G2A151J050BA","TDK Corporation","TDK Corporation","CAP CER 150PF 100V C0G 0402","376,120","0.12","0","1","Tape & Reel (TR),Cut Tape (CT),Digi-Reel®","C","Active","150 pF","±5%","100V","C0G, NP0","-55°C ~ 125°C","-","-","General Purpose","-","Surface Mount, MLCC","0402 (1005 Metric)","0.039"" L x 0.020"" W (1.00mm x 0.50mm)","-","0.022"" (0.55mm)","-","-"
"https://product.tdk.com/en/search/set_distributor?back_url=/en/catalog/datasheets/mlcc_commercial_hightemp_en.pdf&ref_disty=digikey","//mm.digikey.com/Volume0/opasdata/d220001/medias/images/773/0402-(1005-Metric)-0.70mm-C-Series.jpg","445-13809-2-ND,445-13809-1-ND,445-13809-6-ND","C1005NP01H681J050BA","TDK Corporation","TDK Corporation","CAP CER 680PF 50V NP0 0402","28,352","0.14","0","1","Tape & Reel (TR),Cut Tape (CT),Digi-Reel®","C","Active","680 pF","±5%","50V","C0G, NP0","-55°C ~ 150°C","High Temperature","-","General Purpose","-","Surface Mount, MLCC","0402 (1005 Metric)","0.039"" L x 0.020"" W (1.00mm x 0.50mm)","-","0.022"" (0.55mm)","-","-"
"https://product.tdk.com/en/search/set_distributor?back_url=/en/catalog/datasheets/mlcc_commercial_hightemp_en.pdf&ref_disty=digikey","//mm.digikey.com/Volume0/opasdata/d220001/medias/images/773/0402-(1005-Metric)-0.70mm-C-Series.jpg","445-C1005NP02A101J050BATR-ND,445-C1005NP02A101J050BACT-ND,445-C1005NP02A101J050BADKR-ND","C1005NP02A101J050BA","TDK Corporation","TDK Corporation","CAP CER 100PF 100V NP0 0402","26,561","0.15","0","1","Tape & Reel (TR),Cut Tape (CT),Digi-Reel®","C","Active","100 pF","±5%","100V","C0G, NP0","-55°C ~ 150°C","High Temperature","-","General Purpose","-","Surface Mount, MLCC","0402 (1005 Metric)","0.039"" L x 0.020"" W (1.00mm x 0.50mm)","-","0.022"" (0.55mm)","-","-"
"https://product.tdk.com/system/files/dam/doc/product/capacitor/ceramic/mlcc/catalog/mlcc_commercial_soft_en.pdf","//mm.digikey.com/Volume0/opasdata/d220001/medias/images/704/MFG_C1005-G.jpg","445-180262-2-ND,445-180262-1-ND,445-180262-6-ND","C1005C0G2A221J050BE","TDK Corporation","TDK Corporation","CAP CER 220PF 100V C0G/NP0 0402","166,622","0.16","0","1","Tape & Reel (TR),Cut Tape (CT),Digi-Reel®","C","Active","220 pF","±5%","100V","C0G, NP0","-55°C ~ 125°C","Soft Termination","-","Boardflex Sensitive","-","Surface Mount, MLCC","0402 (1005 Metric)","0.039"" L x 0.020"" W (1.00mm x 0.50mm)","-","0.024"" (0.60mm)","-","-"
"https://product.tdk.com/system/files/dam/doc/product/capacitor/ceramic/mlcc/catalog/mlcc_commercial_soft_en.pdf","//mm.digikey.com/Volume0/opasdata/d220001/medias/images/773/0402-(1005-Metric)-0.70mm-C-Series.jpg","445-C1005C0G1H221J050BETR-ND,445-C1005C0G1H221J050BECT-ND,445-C1005C0G1H221J050BEDKR-ND","C1005C0G1H221J050BE","TDK Corporation","TDK Corporation","SOFT TERMINATION,0402,C0G,50V,0.","12,453","0.16","0","1","Tape & Reel (TR),Cut Tape (CT),Digi-Reel®","C","Active","220 pF","±5%","50V","C0G, NP0","-55°C ~ 125°C","Soft Termination","-","Boardflex Sensitive","-","Surface Mount, MLCC","0402 (1005 Metric)","0.039"" L x 0.020"" W (1.00mm x 0.50mm)","-","0.024"" (0.60mm)","-","-"
"https://product.tdk.com/en/system/files?file=dam/doc/product/capacitor/ceramic/mlcc/catalog/mlcc_commercial_midvoltage_en.pdf","//mm.digikey.com/Volume0/opasdata/d220001/medias/images/773/0402-(1005-Metric)-0.70mm-C-Series.jpg","445-15202-2-ND,445-15202-1-ND,445-15202-6-ND","C1005C0G2A331J050BA","TDK Corporation","TDK Corporation","CAP CER 330PF 100V C0G 0402","18,281","0.17","0","1","Tape & Reel (TR),Cut Tape (CT),Digi-Reel®","C","Active","330 pF","±5%","100V","C0G, NP0","-55°C ~ 125°C","-","-","General Purpose","-","Surface Mount, MLCC","0402 (1005 Metric)","0.039"" L x 0.020"" W (1.00mm x 0.50mm)","-","0.022"" (0.55mm)","-","-"
"https://product.tdk.com/system/files/dam/doc/product/capacitor/ceramic/mlcc/catalog/mlcc_commercial_soft_en.pdf","//mm.digikey.com/Volume0/opasdata/d220001/medias/images/704/MFG_C1005-G.jpg","445-180263-2-ND,445-180263-1-ND,445-180263-6-ND","C1005C0G2A331J050BE","TDK Corporation","TDK Corporation","CAP CER 330PF 100V C0G/NP0 0402","45,727","0.19","0","1","Tape & Reel (TR),Cut Tape (CT),Digi-Reel®","C","Active","330 pF","±5%","100V","C0G, NP0","-55°C ~ 125°C","Soft Termination","-","Boardflex Sensitive","-","Surface Mount, MLCC","0402 (1005 Metric)","0.039"" L x 0.020"" W (1.00mm x 0.50mm)","-","0.024"" (0.60mm)","-","-"
"https://product.tdk.com/system/files/dam/doc/product/capacitor/ceramic/mlcc/catalog/mlcc_commercial_soft_en.pdf","//mm.digikey.com/Volume0/opasdata/d220001/medias/images/704/MFG_C1005-G.jpg","445-180264-2-ND,445-180264-1-ND,445-180264-6-ND","C1005C0G2A471J050BE","TDK Corporation","TDK Corporation","CAP CER 470PF 100V C0G/NP0 0402","116,680","0.18","0","1","Tape & Reel (TR),Cut Tape (CT),Digi-Reel®","C","Active","470 pF","±5%","100V","C0G, NP0","-55°C ~ 125°C","Soft Termination","-","Boardflex Sensitive","-","Surface Mount, MLCC","0402 (1005 Metric)","0.039"" L x 0.020"" W (1.00mm x 0.50mm)","-","0.024"" (0.60mm)","-","-"
"https://product.tdk.com/system/files/dam/doc/product/capacitor/ceramic/mlcc/catalog/mlcc_commercial_soft_en.pdf","//mm.digikey.com/Volume0/opasdata/d220001/medias/images/704/MFG_C1005-G.jpg","445-180265-2-ND,445-180265-1-ND,445-180265-6-ND","C1005C0G2A681J050BE","TDK Corporation","TDK Corporation","CAP CER 680PF 100V C0G/NP0 0402","29,470","0.2","0","1","Tape & Reel (TR),Cut Tape (CT),Digi-Reel®","C","Active","680 pF","±5%","100V","C0G, NP0","-55°C ~ 125°C","Soft Termination","-","Boardflex Sensitive","-","Surface Mount, MLCC","0402 (1005 Metric)","0.039"" L x 0.020"" W (1.00mm x 0.50mm)","-","0.024"" (0.60mm)","-","-"
"https://product.tdk.com/system/files/dam/doc/product/capacitor/ceramic/mlcc/catalog/mlcc_commercial_soft_en.pdf","//mm.digikey.com/Volume0/opasdata/d220001/medias/images/773/0402-(1005-Metric)-0.70mm-C-Series.jpg","445-173797-2-ND,445-173797-1-ND,445-173797-6-ND","C1005X8R1H103K050BE","TDK Corporation","TDK Corporation","CAP CER 10000PF 50V X8R 0402","36,089","0.21","0","1","Tape & Reel (TR),Cut Tape (CT),Digi-Reel®","C","Active","10000 pF","±10%","50V","X8R","-55°C ~ 150°C","Soft Termination","-","Boardflex Sensitive","-","Surface Mount, MLCC","0402 (1005 Metric)","0.039"" L x 0.020"" W (1.00mm x 0.50mm)","-","0.024"" (0.60mm)","-","-"
"https://product.tdk.com/system/files/dam/doc/product/capacitor/ceramic/mlcc/catalog/mlcc_commercial_general_en.pdf","//mm.digikey.com/Volume0/opasdata/d220001/medias/images/773/0402-(1005-Metric)-0.70mm-C-Series.jpg","445-13885-2-ND,445-13885-1-ND,445-13885-6-ND","C1005X6S0J225K050BC","TDK Corporation","TDK Corporation","CAP CER 2.2UF 6.3V X6S 0402","482,869","0.24","0","1","Tape & Reel (TR),Cut Tape (CT),Digi-Reel®","C","Active","2.2 µF","±10%","6.3V","X6S","-55°C ~ 105°C","Low ESL","-","General Purpose","-","Surface Mount, MLCC","0402 (1005 Metric)","0.039"" L x 0.020"" W (1.00mm x 0.50mm)","-","0.022"" (0.55mm)","-","-"
"https://product.tdk.com/en/search/set_distributor?back_url=/en/catalog/datasheets/mlcc_commercial_hightemp_en.pdf&ref_disty=digikey","//mm.digikey.com/Volume0/opasdata/d220001/medias/images/773/0402-(1005-Metric)-0.70mm-C-Series.jpg","445-15917-2-ND,445-15917-1-ND,445-15917-6-ND","C1005X8R2A332K050BB","TDK Corporation","TDK Corporation","CAP CER 3300PF 100V X8R 0402","19,680","0.23","0","1","Tape & Reel (TR),Cut Tape (CT),Digi-Reel®","C","Active","3300 pF","±10%","100V","X8R","-55°C ~ 150°C","High Temperature","-","General Purpose","-","Surface Mount, MLCC","0402 (1005 Metric)","0.039"" L x 0.020"" W (1.00mm x 0.50mm)","-","0.022"" (0.55mm)","-","-"
"https://product.tdk.com/en/search/set_distributor?back_url=/en/catalog/datasheets/mlcc_commercial_hightemp_en.pdf&ref_disty=digikey","//mm.digikey.com/Volume0/opasdata/d220001/medias/images/773/0402-(1005-Metric)-0.70mm-C-Series.jpg","445-15913-2-ND,445-15913-1-ND,445-15913-6-ND","C1005X8R2A222K050BA","TDK Corporation","TDK Corporation","CAP CER 2200PF 100V X8R 0402","11,449","0.23","0","1","Tape & Reel (TR),Cut Tape (CT),Digi-Reel®","C","Active","2200 pF","±10%","100V","X8R","-55°C ~ 150°C","High Temperature","-","General Purpose","-","Surface Mount, MLCC","0402 (1005 Metric)","0.039"" L x 0.020"" W (1.00mm x 0.50mm)","-","0.022"" (0.55mm)","-","-"
"https://product.tdk.com/system/files/dam/doc/product/capacitor/ceramic/mlcc/catalog/mlcc_commercial_soft_en.pdf","//mm.digikey.com/Volume0/opasdata/d220001/medias/images/704/MFG_C1005-G.jpg","445-180260-2-ND,445-180260-1-ND,445-180260-6-ND","C1005C0G2A102J050BE","TDK Corporation","TDK Corporation","CAP CER 1000PF 100V C0G/NP0 0402","26,919","0.27","0","1","Tape & Reel (TR),Cut Tape (CT),Digi-Reel®","C","Active","1000 pF","±5%","100V","C0G, NP0","-55°C ~ 125°C","Soft Termination","-","Boardflex Sensitive","-","Surface Mount, MLCC","0402 (1005 Metric)","0.039"" L x 0.020"" W (1.00mm x 0.50mm)","-","0.024"" (0.60mm)","-","-"
"https://product.tdk.com/system/files/dam/doc/product/capacitor/ceramic/mlcc/catalog/mlcc_commercial_general_en.pdf","//mm.digikey.com/Volume0/opasdata/d220001/medias/images/773/0402-(1005-Metric)-0.70mm-C-Series.jpg","445-9092-2-ND,445-9092-1-ND,445-9092-6-ND","C1005X7S0G225K050BC","TDK Corporation","TDK Corporation","CAP CER 2.2UF 4V X7S 0402","24,400","0.29","0","1","Tape & Reel (TR),Cut Tape (CT),Digi-Reel®","C","Active","2.2 µF","±10%","4V","X7S","-55°C ~ 125°C","Low ESL","-","General Purpose","-","Surface Mount, MLCC","0402 (1005 Metric)","0.039"" L x 0.020"" W (1.00mm x 0.50mm)","-","0.022"" (0.55mm)","-","-"
"https://product.tdk.com/system/files/dam/doc/product/capacitor/ceramic/mlcc/catalog/mlcc_commercial_soft_en.pdf","//mm.digikey.com/Volume0/opasdata/d220001/medias/images/704/MFG_C1005-G.jpg","445-180261-2-ND,445-180261-1-ND,445-180261-6-ND","C1005C0G2A151J050BE","TDK Corporation","TDK Corporation","CAP CER 150PF 100V C0G/NP0 0402","21,297","0.15","0","1","Tape & Reel (TR),Cut Tape (CT),Digi-Reel®","C","Active","150 pF","±5%","100V","C0G, NP0","-55°C ~ 125°C","Soft Termination","-","Boardflex Sensitive","-","Surface Mount, MLCC","0402 (1005 Metric)","0.039"" L x 0.020"" W (1.00mm x 0.50mm)","-","0.024"" (0.60mm)","-","-"
"https://product.tdk.com/en/search/set_distributor?back_url=/en/catalog/datasheets/mlcc_commercial_hightemp_en.pdf&ref_disty=digikey","//mm.digikey.com/Volume0/opasdata/d220001/medias/images/773/0402-(1005-Metric)-0.70mm-C-Series.jpg","445-8847-2-ND,445-8847-1-ND,445-8847-6-ND","C1005X8R1C473K050BB","TDK Corporation","TDK Corporation","CAP CER 0.047UF 16V X8R 0402","19,436","0.19","0","1","Tape & Reel (TR),Cut Tape (CT),Digi-Reel®","C","Active","0.047 µF","±10%","16V","X8R","-55°C ~ 150°C","High Temperature","-","General Purpose","-","Surface Mount, MLCC","0402 (1005 Metric)","0.039"" L x 0.020"" W (1.00mm x 0.50mm)","-","0.022"" (0.55mm)","-","-"
"https://product.tdk.com/system/files/dam/doc/product/capacitor/ceramic/mlcc/catalog/mlcc_commercial_soft_en.pdf","//mm.digikey.com/Volume0/opasdata/d220001/medias/images/773/0402-(1005-Metric)-0.70mm-C-Series.jpg","445-174800-2-ND,445-174800-1-ND,445-174800-6-ND","C1005X8R1E473K050BE","TDK Corporation","TDK Corporation","CAP CER 0.047UF 25V X8R 0402","12,822","0.2","0","1","Tape & Reel (TR),Cut Tape (CT),Digi-Reel®","C","Active","0.047 µF","±10%","25V","X8R","-55°C ~ 150°C","Soft Termination","-","Boardflex Sensitive","-","Surface Mount, MLCC","0402 (1005 Metric)","0.039"" L x 0.020"" W (1.00mm x 0.50mm)","-","0.024"" (0.60mm)","-","-"
"https://product.tdk.com/system/files/dam/doc/product/capacitor/ceramic/mlcc/catalog/mlcc_commercial_general_en.pdf","//mm.digikey.com/Volume0/opasdata/d220001/medias/images/773/0402-(1005-Metric)-0.70mm-C-Series.jpg","445-7380-2-ND,445-7380-1-ND,445-7380-6-ND","C1005X5R1H472K050BA","TDK Corporation","TDK Corporation","CAP CER 4700PF 50V X5R 0402","23,679","0.1","0","1","Tape & Reel (TR),Cut Tape (CT),Digi-Reel®","C","Active","4700 pF","±10%","50V","X5R","-55°C ~ 85°C","Low ESL","-","General Purpose","-","Surface Mount, MLCC","0402 (1005 Metric)","0.039"" L x 0.020"" W (1.00mm x 0.50mm)","-","0.022"" (0.55mm)","-","-"
"https://product.tdk.com/system/files/dam/doc/product/capacitor/ceramic/mlcc/catalog/mlcc_commercial_general_en.pdf","//mm.digikey.com/Volume0/opasdata/d220001/medias/images/773/0402-(1005-Metric)-0.70mm-C-Series.jpg","445-1255-2-ND,445-1255-1-ND,445-1255-6-ND","C1005X7R1H471K050BA","TDK Corporation","TDK Corporation","CAP CER 470PF 50V X7R 0402","21,033","0.1","0","1","Tape & Reel (TR),Cut Tape (CT),Digi-Reel®","C","Active","470 pF","±10%","50V","X7R","-55°C ~ 125°C","Low ESL","-","General Purpose","-","Surface Mount, MLCC","0402 (1005 Metric)","0.039"" L x 0.020"" W (1.00mm x 0.50mm)","-","0.022"" (0.55mm)","-","-"
"https://product.tdk.com/system/files/dam/doc/product/capacitor/ceramic/mlcc/catalog/mlcc_commercial_general_en.pdf","//mm.digikey.com/Volume0/opasdata/d220001/medias/images/773/0402-(1005-Metric)-0.70mm-C-Series.jpg","445-7378-2-ND,445-7378-1-ND,445-7378-6-ND","C1005X5R1H222K050BA","TDK Corporation","TDK Corporation","CAP CER 2200PF 50V X5R 0402","17,571","0.1","0","1","Tape & Reel (TR),Cut Tape (CT),Digi-Reel®","C","Active","2200 pF","±10%","50V","X5R","-55°C ~ 85°C","Low ESL","-","General Purpose","-","Surface Mount, MLCC","0402 (1005 Metric)","0.039"" L x 0.020"" W (1.00mm x 0.50mm)","-","0.022"" (0.55mm)","-","-"
"https://product.tdk.com/system/files/dam/doc/product/capacitor/ceramic/mlcc/catalog/mlcc_commercial_general_en.pdf","//mm.digikey.com/Volume0/opasdata/d220001/medias/images/773/0402-(1005-Metric)-0.70mm-C-Series.jpg","445-4966-2-ND,445-4966-1-ND,445-4966-6-ND","C1005X5R1C473K050BA","TDK Corporation","TDK Corporation","CAP CER 0.047UF 16V X5R 0402","16,736","0.1","0","1","Tape & Reel (TR),Cut Tape (CT),Digi-Reel®","C","Active","0.047 µF","±10%","16V","X5R","-55°C ~ 85°C","Low ESL","-","General Purpose","-","Surface Mount, MLCC","0402 (1005 Metric)","0.039"" L x 0.020"" W (1.00mm x 0.50mm)","-","0.022"" (0.55mm)","-","-"
"https://product.tdk.com/en/search/set_distributor?back_url=/en/catalog/datasheets/mlcc_commercial_hightemp_en.pdf&ref_disty=digikey","//mm.digikey.com/Volume0/opasdata/d220001/medias/images/773/0402-(1005-Metric)-0.70mm-C-Series.jpg","445-13788-2-ND,445-13788-1-ND,445-13788-6-ND","C1005NP01H150J050BA","TDK Corporation","TDK Corporation","CAP CER 15PF 50V NP0 0402","26,452","0.11","0","1","Tape & Reel (TR),Cut Tape (CT),Digi-Reel®","C","Active","15 pF","±5%","50V","C0G, NP0","-55°C ~ 150°C","High Temperature","-","General Purpose","-","Surface Mount, MLCC","0402 (1005 Metric)","0.039"" L x 0.020"" W (1.00mm x 0.50mm)","-","0.022"" (0.55mm)","-","-"
"https://product.tdk.com/en/search/set_distributor?back_url=/en/catalog/datasheets/mlcc_commercial_hightemp_en.pdf&ref_disty=digikey","//mm.digikey.com/Volume0/opasdata/d220001/medias/images/773/0402-(1005-Metric)-0.70mm-C-Series.jpg","445-13793-2-ND,445-13793-1-ND,445-13793-6-ND","C1005NP01H220J050BA","TDK Corporation","TDK Corporation","CAP CER 22PF 50V NP0 0402","25,069","0.11","0","1","Tape & Reel (TR),Cut Tape (CT),Digi-Reel®","C","Active","22 pF","±5%","50V","C0G, NP0","-55°C ~ 150°C","High Temperature","-","General Purpose","-","Surface Mount, MLCC","0402 (1005 Metric)","0.039"" L x 0.020"" W (1.00mm x 0.50mm)","-","0.022"" (0.55mm)","-","-"
"https://product.tdk.com/en/system/files?file=dam/doc/product/capacitor/ceramic/mlcc/catalog/mlcc_commercial_midvoltage_en.pdf","//mm.digikey.com/Volume0/opasdata/d220001/medias/images/773/0402-(1005-Metric)-0.70mm-C-Series.jpg","445-15190-2-ND,445-15190-1-ND,445-15190-6-ND","C1005C0G2A101J050BA","TDK Corporation","TDK Corporation","CAP CER 100PF 100V C0G 0402","19,112","0.11","0","1","Tape & Reel (TR),Cut Tape (CT),Digi-Reel®","C","Active","100 pF","±5%","100V","C0G, NP0","-55°C ~ 125°C","-","-","General Purpose","-","Surface Mount, MLCC","0402 (1005 Metric)","0.039"" L x 0.020"" W (1.00mm x 0.50mm)","-","0.022"" (0.55mm)","-","-"
"https://product.tdk.com/en/search/set_distributor?back_url=/en/catalog/datasheets/mlcc_commercial_hightemp_en.pdf&ref_disty=digikey","//mm.digikey.com/Volume0/opasdata/d220001/medias/images/773/0402-(1005-Metric)-0.70mm-C-Series.jpg","445-13775-2-ND,445-13775-1-ND,445-13775-6-ND","C1005NP01H020C050BA","TDK Corporation","TDK Corporation","CAP CER 2PF 50V NP0 0402","15,428","0.11","0","1","Tape & Reel (TR),Cut Tape (CT),Digi-Reel®","C","Active","2 pF","±0.25pF","50V","C0G, NP0","-55°C ~ 150°C","High Temperature","-","General Purpose","-","Surface Mount, MLCC","0402 (1005 Metric)","0.039"" L x 0.020"" W (1.00mm x 0.50mm)","-","0.022"" (0.55mm)","-","-"
"https://product.tdk.com/en/search/set_distributor?back_url=/en/catalog/datasheets/mlcc_commercial_hightemp_en.pdf&ref_disty=digikey","//mm.digikey.com/Volume0/opasdata/d220001/medias/images/773/0402-(1005-Metric)-0.70mm-C-Series.jpg","445-13781-2-ND,445-13781-1-ND,445-13781-6-ND","C1005NP01H080D050BA","TDK Corporation","TDK Corporation","CAP CER 8PF 50V NP0 0402","13,902","0.11","0","1","Tape & Reel (TR),Cut Tape (CT),Digi-Reel®","C","Active","8 pF","±0.5pF","50V","C0G, NP0","-55°C ~ 150°C","High Temperature","-","General Purpose","-","Surface Mount, MLCC","0402 (1005 Metric)","0.039"" L x 0.020"" W (1.00mm x 0.50mm)","-","0.022"" (0.55mm)","-","-"
"https://product.tdk.com/system/files/dam/doc/product/capacitor/ceramic/mlcc/catalog/mlcc_commercial_general_en.pdf","//mm.digikey.com/Volume0/opasdata/d220001/medias/images/773/0402-(1005-Metric)-0.70mm-C-Series.jpg","445-7338-2-ND,445-7338-1-ND,445-7338-6-ND","C1005X7R1V103K050BB","TDK Corporation","TDK Corporation","CAP CER 10000PF 35V X7R 0402","10,742","0.11","0","1","Tape & Reel (TR),Cut Tape (CT),Digi-Reel®","C","Active","10000 pF","±10%","35V","X7R","-55°C ~ 125°C","Low ESL","-","General Purpose","-","Surface Mount, MLCC","0402 (1005 Metric)","0.039"" L x 0.020"" W (1.00mm x 0.50mm)","-","0.022"" (0.55mm)","-","-"
"https://product.tdk.com/en/search/set_distributor?back_url=/en/catalog/datasheets/mlcc_commercial_hightemp_en.pdf&ref_disty=digikey","//mm.digikey.com/Volume0/opasdata/d220001/medias/images/773/0402-(1005-Metric)-0.70mm-C-Series.jpg","445-13808-2-ND,445-13808-1-ND,445-13808-6-ND","C1005NP01H680J050BA","TDK Corporation","TDK Corporation","CAP CER 68PF 50V NP0 0402","10,319","0.11","0","1","Tape & Reel (TR),Cut Tape (CT),Digi-Reel®","C","Active","68 pF","±5%","50V","C0G, NP0","-55°C ~ 150°C","High Temperature","-","General Purpose","-","Surface Mount, MLCC","0402 (1005 Metric)","0.039"" L x 0.020"" W (1.00mm x 0.50mm)","-","0.022"" (0.55mm)","-","-"
"https://product.tdk.com/system/files/dam/doc/product/capacitor/ceramic/mlcc/catalog/mlcc_commercial_general_en.pdf","//mm.digikey.com/Volume0/opasdata/d220001/medias/images/2482/0402 C Series Thick .50.jpg","445-5938-2-ND,445-5938-1-ND,445-5938-6-ND","C1005X7R1A224K050BB","TDK Corporation","TDK Corporation","CAP CER 0.22UF 10V X7R 0402","20,036","0.13","0","1","Tape & Reel (TR),Cut Tape (CT),Digi-Reel®","C","Active","0.22 µF","±10%","10V","X7R","-55°C ~ 125°C","Low ESL","-","General Purpose","-","Surface Mount, MLCC","0402 (1005 Metric)","0.039"" L x 0.020"" W (1.00mm x 0.50mm)","-","0.022"" (0.55mm)","-","-"
"https://product.tdk.com/en/search/set_distributor?back_url=/en/catalog/datasheets/mlcc_commercial_hightemp_en.pdf&ref_disty=digikey","//mm.digikey.com/Volume0/opasdata/d220001/medias/images/773/0402-(1005-Metric)-0.70mm-C-Series.jpg","445-13799-2-ND,445-13799-1-ND,445-13799-6-ND","C1005NP01H331J050BA","TDK Corporation","TDK Corporation","CAP CER 330PF 50V NP0 0402","18,578","0.13","0","1","Tape & Reel (TR),Cut Tape (CT),Digi-Reel®","C","Active","330 pF","±5%","50V","C0G, NP0","-55°C ~ 150°C","High Temperature","-","General Purpose","-","Surface Mount, MLCC","0402 (1005 Metric)","0.039"" L x 0.020"" W (1.00mm x 0.50mm)","-","0.022"" (0.55mm)","-","-"
"https://product.tdk.com/system/files/dam/doc/product/capacitor/ceramic/mlcc/catalog/mlcc_commercial_soft_en.pdf","//mm.digikey.com/Volume0/opasdata/d220001/medias/images/773/0402-(1005-Metric)-0.70mm-C-Series.jpg","445-173622-2-ND,445-173622-1-ND,445-173622-6-ND","C1005X7R1H102K050BE","TDK Corporation","TDK Corporation","CAP CER 1000PF 50V X7R 0402","16,460","0.13","0","1","Tape & Reel (TR),Cut Tape (CT),Digi-Reel®","C","Active","1000 pF","±10%","50V","X7R","-55°C ~ 125°C","Soft Termination","-","Boardflex Sensitive","-","Surface Mount, MLCC","0402 (1005 Metric)","0.039"" L x 0.020"" W (1.00mm x 0.50mm)","-","0.024"" (0.60mm)","-","-"
"https://product.tdk.com/en/search/set_distributor?back_url=/en/catalog/datasheets/mlcc_commercial_hightemp_en.pdf&ref_disty=digikey","//mm.digikey.com/Volume0/opasdata/d220001/medias/images/773/0402-(1005-Metric)-0.70mm-C-Series.jpg","445-C1005NP02A471J050BATR-ND,445-C1005NP02A471J050BACT-ND,445-C1005NP02A471J050BADKR-ND","C1005NP02A471J050BA","TDK Corporation","TDK Corporation","CAP CER 470PF 100V NP0 0402","9,548","0.15","0","1","Tape & Reel (TR),Cut Tape (CT),Digi-Reel®","C","Active","470 pF","±5%","100V","C0G, NP0","-55°C ~ 150°C","High Temperature","-","General Purpose","-","Surface Mount, MLCC","0402 (1005 Metric)","0.039"" L x 0.020"" W (1.00mm x 0.50mm)","-","0.024"" (0.60mm)","-","-"
"https://product.tdk.com/en/system/files?file=dam/doc/product/capacitor/ceramic/mlcc/specification/mlccspec_commercial_hightemp_en.pdf","//mm.digikey.com/Volume0/opasdata/d220001/medias/images/773/0402-(1005-Metric)-0.70mm-C-Series.jpg","445-C1005NP02A221J050BATR-ND,445-C1005NP02A221J050BACT-ND,445-C1005NP02A221J050BADKR-ND","C1005NP02A221J050BA","TDK Corporation","TDK Corporation","CAP CER 220PF 100V NP0 0402","7,795","0.15","0","1","Tape & Reel (TR),Cut Tape (CT),Digi-Reel®","C","Active","220 pF","±5%","100V","C0G, NP0","-55°C ~ 150°C","High Temperature","-","General Purpose","-","Surface Mount, MLCC","0402 (1005 Metric)","0.039"" L x 0.020"" W (1.00mm x 0.50mm)","-","0.022"" (0.55mm)","-","-"
"https://product.tdk.com/en/system/files?file=dam/doc/product/capacitor/ceramic/mlcc/catalog/mlcc_commercial_midvoltage_en.pdf","//mm.digikey.com/Volume0/opasdata/d220001/medias/images/773/0402-(1005-Metric)-0.70mm-C-Series.jpg","445-6022-2-ND,445-6022-1-ND,445-6022-6-ND","C1005X7S2A222K050BB","TDK Corporation","TDK Corporation","CAP CER 2200PF 100V X7S 0402","17,380","0.16","0","1","Tape & Reel (TR),Cut Tape (CT),Digi-Reel®","C","Active","2200 pF","±10%","100V","X7S","-55°C ~ 125°C","-","-","General Purpose","-","Surface Mount, MLCC","0402 (1005 Metric)","0.039"" L x 0.020"" W (1.00mm x 0.50mm)","-","0.022"" (0.55mm)","-","-"
"https://product.tdk.com/system/files/dam/doc/product/capacitor/ceramic/mlcc/catalog/mlcc_commercial_soft_en.pdf","//mm.digikey.com/Volume0/opasdata/d220001/medias/images/773/0402-(1005-Metric)-0.70mm-C-Series.jpg","445-C1005C0G1H471J050BETR-ND,445-C1005C0G1H471J050BECT-ND,445-C1005C0G1H471J050BEDKR-ND","C1005C0G1H471J050BE","TDK Corporation","TDK Corporation","SOFT TERMINATION,0402,C0G,50V,0.","14,182","0.16","0","1","Tape & Reel (TR),Cut Tape (CT),Digi-Reel®","C","Active","470 pF","±5%","50V","C0G, NP0","-55°C ~ 125°C","Soft Termination","-","Boardflex Sensitive","-","Surface Mount, MLCC","0402 (1005 Metric)","0.039"" L x 0.020"" W (1.00mm x 0.50mm)","-","0.024"" (0.60mm)","-","-"
"https://product.tdk.com/system/files/dam/doc/product/capacitor/ceramic/mlcc/catalog/mlcc_commercial_soft_en.pdf","//mm.digikey.com/Volume0/opasdata/d220001/medias/images/773/0402-(1005-Metric)-0.70mm-C-Series.jpg","445-175220-2-ND,445-175220-1-ND,445-175220-6-ND","C1005X5R1V474K050BE","TDK Corporation","TDK Corporation","CAP CER 0.47UF 35V X5R 0402","9,859","0.16","0","1","Tape & Reel (TR),Cut Tape (CT),Digi-Reel®","C","Active","0.47 µF","±10%","35V","X5R","-55°C ~ 85°C","Soft Termination","-","Boardflex Sensitive","-","Surface Mount, MLCC","0402 (1005 Metric)","0.039"" L x 0.020"" W (1.00mm x 0.50mm)","-","0.024"" (0.60mm)","-","-"
"https://product.tdk.com/system/files/dam/doc/product/capacitor/ceramic/mlcc/catalog/mlcc_commercial_general_en.pdf","//mm.digikey.com/Volume0/opasdata/d220001/medias/images/773/0402-(1005-Metric)-0.70mm-C-Series.jpg","445-174421-2-ND,445-174421-1-ND,445-174421-6-ND","C1005X7R1E224K050BB","TDK Corporation","TDK Corporation","CAP CER 0.22UF 25V X7R 0402","2,976","0.16","0","1","Tape & Reel (TR),Cut Tape (CT),Digi-Reel®","C","Active","0.22 µF","±10%","25V","X7R","-55°C ~ 125°C","Low ESL","-","General Purpose","-","Surface Mount, MLCC","0402 (1005 Metric)","0.039"" L x 0.020"" W (1.00mm x 0.50mm)","-","0.022"" (0.55mm)","-","-"
"https://product.tdk.com/en/system/files?file=dam/doc/product/capacitor/ceramic/mlcc/catalog/mlcc_commercial_midvoltage_en.pdf","//mm.digikey.com/Volume0/opasdata/d220001/medias/images/773/0402-(1005-Metric)-0.70mm-C-Series.jpg","445-15206-2-ND,445-15206-1-ND,445-15206-6-ND","C1005C0G2A471J050BA","TDK Corporation","TDK Corporation","CAP CER 470PF 100V C0G 0402","16,925","0.17","0","1","Tape & Reel (TR),Cut Tape (CT),Digi-Reel®","C","Active","470 pF","±5%","100V","C0G, NP0","-55°C ~ 125°C","-","-","General Purpose","-","Surface Mount, MLCC","0402 (1005 Metric)","0.039"" L x 0.020"" W (1.00mm x 0.50mm)","-","0.022"" (0.55mm)","-","-"
"https://product.tdk.com/en/search/set_distributor?back_url=/en/catalog/datasheets/mlcc_commercial_hightemp_en.pdf&ref_disty=digikey","//mm.digikey.com/Volume0/opasdata/d220001/medias/images/773/0402-(1005-Metric)-0.70mm-C-Series.jpg","445-174818-2-ND,445-174818-1-ND,445-174818-6-ND","C1005X8R1E473K050BC","TDK Corporation","TDK Corporation","CAP CER 0.047UF 25V X8R 0402","14,541","0.17","0","1","Tape & Reel (TR),Cut Tape (CT),Digi-Reel®","C","Active","0.047 µF","±10%","25V","X8R","-55°C ~ 150°C","High Temperature","-","General Purpose","-","Surface Mount, MLCC","0402 (1005 Metric)","0.039"" L x 0.020"" W (1.00mm x 0.50mm)","-","0.022"" (0.55mm)","-","-"
"https://product.tdk.com/en/system/files?file=dam/doc/product/capacitor/ceramic/mlcc/catalog/mlcc_commercial_midvoltage_en.pdf","//mm.digikey.com/Volume0/opasdata/d220001/medias/images/773/0402-(1005-Metric)-0.70mm-C-Series.jpg","445-172649-2-ND,445-172649-1-ND,445-172649-6-ND","C1005C0G2A681J050BC","TDK Corporation","TDK Corporation","CAP CER 680PF 100V C0G 0402","9,714","0.17","0","1","Tape & Reel (TR),Cut Tape (CT),Digi-Reel®","C","Active","680 pF","±5%","100V","C0G, NP0","-55°C ~ 125°C","-","-","General Purpose","-","Surface Mount, MLCC","0402 (1005 Metric)","0.039"" L x 0.020"" W (1.00mm x 0.50mm)","-","0.022"" (0.55mm)","-","-"
"https://product.tdk.com/system/files/dam/doc/product/capacitor/ceramic/mlcc/catalog/mlcc_commercial_soft_en.pdf","//mm.digikey.com/Volume0/opasdata/d220001/medias/images/773/0402-(1005-Metric)-0.70mm-C-Series.jpg","445-173631-2-ND,445-173631-1-ND,445-173631-6-ND","C1005X7R1H473K050BE","TDK Corporation","TDK Corporation","CAP CER 0.047UF 50V X7R 0402","30,526","0.18","0","1","Tape & Reel (TR),Cut Tape (CT),Digi-Reel®","C","Active","0.047 µF","±10%","50V","X7R","-55°C ~ 125°C","Soft Termination","-","Boardflex Sensitive","-","Surface Mount, MLCC","0402 (1005 Metric)","0.039"" L x 0.020"" W (1.00mm x 0.50mm)","-","0.024"" (0.60mm)","-","-"
"https://product.tdk.com/system/files/dam/doc/product/capacitor/ceramic/mlcc/catalog/mlcc_commercial_soft_en.pdf","//mm.digikey.com/Volume0/opasdata/d220001/medias/images/773/0402-(1005-Metric)-0.70mm-C-Series.jpg","445-173657-2-ND,445-173657-1-ND,445-173657-6-ND","C1005X8R1E103K050BE","TDK Corporation","TDK Corporation","CAP CER 10000PF 25V X8R 0402","19,061","0.19","0","1","Tape & Reel (TR),Cut Tape (CT),Digi-Reel®","C","Active","10000 pF","±10%","25V","X8R","-55°C ~ 150°C","Soft Termination","-","Boardflex Sensitive","-","Surface Mount, MLCC","0402 (1005 Metric)","0.039"" L x 0.020"" W (1.00mm x 0.50mm)","-","0.024"" (0.60mm)","-","-"
"https://product.tdk.com/system/files/dam/doc/product/capacitor/ceramic/mlcc/catalog/mlcc_commercial_soft_en.pdf","//mm.digikey.com/Volume0/opasdata/d220001/medias/images/773/0402-(1005-Metric)-0.70mm-C-Series.jpg","445-173638-2-ND,445-173638-1-ND,445-173638-6-ND","C1005X7R1C224K050BE","TDK Corporation","TDK Corporation","CAP CER 0.22UF 16V X7R 0402","18,067","0.19","0","1","Tape & Reel (TR),Cut Tape (CT),Digi-Reel®","C","Active","0.22 µF","±10%","16V","X7R","-55°C ~ 125°C","Soft Termination","-","Boardflex Sensitive","-","Surface Mount, MLCC","0402 (1005 Metric)","0.039"" L x 0.020"" W (1.00mm x 0.50mm)","-","0.024"" (0.60mm)","-","-"
"https://product.tdk.com/en/search/set_distributor?back_url=/en/catalog/datasheets/mlcc_commercial_hightemp_en.pdf&ref_disty=digikey","//mm.digikey.com/Volume0/opasdata/d220001/medias/images/773/0402-(1005-Metric)-0.70mm-C-Series.jpg","445-8849-2-ND,445-8849-1-ND,445-8849-6-ND","C1005X8R1E223K050BB","TDK Corporation","TDK Corporation","CAP CER 0.022UF 25V X8R 0402","5,661","0.19","0","1","Tape & Reel (TR),Cut Tape (CT),Digi-Reel®","C","Active","0.022 µF","±10%","25V","X8R","-55°C ~ 150°C","High Temperature","-","General Purpose","-","Surface Mount, MLCC","0402 (1005 Metric)","0.039"" L x 0.020"" W (1.00mm x 0.50mm)","-","0.022"" (0.55mm)","-","-"
"https://product.tdk.com/system/files/dam/doc/product/capacitor/ceramic/mlcc/catalog/mlcc_commercial_soft_en.pdf","//mm.digikey.com/Volume0/opasdata/d220001/medias/images/773/0402-(1005-Metric)-0.70mm-C-Series.jpg","445-173838-2-ND,445-173838-1-ND,445-173838-6-ND","C1005X8R1H102K050BE","TDK Corporation","TDK Corporation","CAP CER 1000PF 50V X8R 0402","2,346","0.19","0","1","Tape & Reel (TR),Cut Tape (CT),Digi-Reel®","C","Active","1000 pF","±10%","50V","X8R","-55°C ~ 150°C","Soft Termination","-","Boardflex Sensitive","-","Surface Mount, MLCC","0402 (1005 Metric)","0.039"" L x 0.020"" W (1.00mm x 0.50mm)","-","0.024"" (0.60mm)","-","-"
"https://product.tdk.com/system/files/dam/doc/product/capacitor/ceramic/mlcc/catalog/mlcc_commercial_soft_en.pdf","//mm.digikey.com/Volume0/opasdata/d220001/medias/images/773/0402-(1005-Metric)-0.70mm-C-Series.jpg","445-C1005C0G1H102J050BETR-ND,445-C1005C0G1H102J050BECT-ND,445-C1005C0G1H102J050BEDKR-ND","C1005C0G1H102J050BE","TDK Corporation","TDK Corporation","SOFT TERMINATION,0402,C0G,50V,1N","11,546","0.2","0","1","Tape & Reel (TR),Cut Tape (CT),Digi-Reel®","C","Active","1000 pF","±5%","50V","C0G, NP0","-55°C ~ 125°C","Soft Termination","-","Boardflex Sensitive","-","Surface Mount, MLCC","0402 (1005 Metric)","0.039"" L x 0.020"" W (1.00mm x 0.50mm)","-","0.024"" (0.60mm)","-","-"
"https://product.tdk.com/en/search/set_distributor?back_url=/en/catalog/datasheets/mlcc_commercial_hightemp_en.pdf&ref_disty=digikey","//mm.digikey.com/Volume0/opasdata/d220001/medias/images/773/0402-(1005-Metric)-0.70mm-C-Series.jpg","445-15919-2-ND,445-15919-1-ND,445-15919-6-ND","C1005X8R2A471K050BA","TDK Corporation","TDK Corporation","CAP CER 470PF 100V X8R 0402","1,970","0.2","0","1","Tape & Reel (TR),Cut Tape (CT),Digi-Reel®","C","Active","470 pF","±10%","100V","X8R","-55°C ~ 150°C","High Temperature","-","General Purpose","-","Surface Mount, MLCC","0402 (1005 Metric)","0.039"" L x 0.020"" W (1.00mm x 0.50mm)","-","0.022"" (0.55mm)","-","-"
"https://product.tdk.com/system/files/dam/doc/product/capacitor/ceramic/mlcc/catalog/mlcc_commercial_soft_en.pdf","//mm.digikey.com/Volume0/opasdata/d220001/medias/images/773/0402-(1005-Metric)-0.70mm-C-Series.jpg","445-C1005X8R2A222K050BETR-ND,445-C1005X8R2A222K050BECT-ND,445-C1005X8R2A222K050BEDKR-ND","C1005X8R2A222K050BE","TDK Corporation","TDK Corporation","CAP CER 2200PF 100V X8R 0402","9,820","0.25","0","1","Tape & Reel (TR),Cut Tape (CT),Digi-Reel®","C","Active","2200 pF","±10%","100V","X8R","-55°C ~ 150°C","Soft Termination","-","Boardflex Sensitive","-","Surface Mount, MLCC","0402 (1005 Metric)","0.039"" L x 0.020"" W (1.00mm x 0.50mm)","-","0.024"" (0.60mm)","-","-"
"https://product.tdk.com/system/files/dam/doc/product/capacitor/ceramic/mlcc/catalog/mlcc_commercial_general_en.pdf","//mm.digikey.com/Volume0/opasdata/d220001/medias/images/773/0402-(1005-Metric)-0.70mm-C-Series.jpg","445-174768-2-ND,445-174768-1-ND,445-174768-6-ND","C1005X7S1C474K050BC","TDK Corporation","TDK Corporation","CAP CER 0.47UF 16V X7S 0402","3,683","0.25","0","1","Tape & Reel (TR),Cut Tape (CT),Digi-Reel®","C","Active","0.47 µF","±10%","16V","X7S","-55°C ~ 125°C","Low ESL","-","General Purpose","-","Surface Mount, MLCC","0402 (1005 Metric)","0.039"" L x 0.020"" W (1.00mm x 0.50mm)","-","0.022"" (0.55mm)","-","-"
"https://product.tdk.com/system/files/dam/doc/product/capacitor/ceramic/mlcc/catalog/mlcc_commercial_general_en.pdf","//mm.digikey.com/Volume0/opasdata/d220001/medias/images/773/0402-(1005-Metric)-0.70mm-C-Series.jpg","445-7336-2-ND,445-7336-1-ND,445-7336-6-ND","C1005X7R1H473K050BB","TDK Corporation","TDK Corporation","CAP CER 0.047UF 50V X7R 0402","8,788","0.1","0","1","Tape & Reel (TR),Cut Tape (CT),Digi-Reel®","C","Active","0.047 µF","±10%","50V","X7R","-55°C ~ 125°C","Low ESL","-","General Purpose","-","Surface Mount, MLCC","0402 (1005 Metric)","0.039"" L x 0.020"" W (1.00mm x 0.50mm)","-","0.022"" (0.55mm)","-","-"
"https://product.tdk.com/system/files/dam/doc/product/capacitor/ceramic/mlcc/catalog/mlcc_commercial_general_en.pdf","//mm.digikey.com/Volume0/opasdata/d220001/medias/images/773/0402-(1005-Metric)-0.70mm-C-Series.jpg","445-2656-2-ND,445-2656-1-ND,445-2656-6-ND","C1005C0G1H471J050BA","TDK Corporation","TDK Corporation","CAP CER 470PF 50V C0G 0402","6,898","0.1","0","1","Tape & Reel (TR),Cut Tape (CT),Digi-Reel®","C","Active","470 pF","±5%","50V","C0G, NP0","-55°C ~ 125°C","Low ESL","-","General Purpose","-","Surface Mount, MLCC","0402 (1005 Metric)","0.039"" L x 0.020"" W (1.00mm x 0.50mm)","-","0.022"" (0.55mm)","-","-"
"https://product.tdk.com/en/search/set_distributor?back_url=/en/catalog/datasheets/mlcc_commercial_hightemp_en.pdf&ref_disty=digikey","//mm.digikey.com/Volume0/opasdata/d220001/medias/images/773/0402-(1005-Metric)-0.70mm-C-Series.jpg","445-13782-2-ND,445-13782-1-ND,445-13782-6-ND","C1005NP01H090D050BA","TDK Corporation","TDK Corporation","CAP CER 9PF 50V NP0 0402","7,064","0.11","0","1","Tape & Reel (TR),Cut Tape (CT),Digi-Reel®","C","Active","9 pF","±0.5pF","50V","C0G, NP0","-55°C ~ 150°C","High Temperature","-","General Purpose","-","Surface Mount, MLCC","0402 (1005 Metric)","0.039"" L x 0.020"" W (1.00mm x 0.50mm)","-","0.022"" (0.55mm)","-","-"
"https://product.tdk.com/en/search/set_distributor?back_url=/en/catalog/datasheets/mlcc_commercial_hightemp_en.pdf&ref_disty=digikey","//mm.digikey.com/Volume0/opasdata/d220001/medias/images/773/0402-(1005-Metric)-0.70mm-C-Series.jpg","445-13777-2-ND,445-13777-1-ND,445-13777-6-ND","C1005NP01H040C050BA","TDK Corporation","TDK Corporation","CAP CER 4PF 50V NP0 0402","6,353","0.11","0","1","Tape & Reel (TR),Cut Tape (CT),Digi-Reel®","C","Active","4 pF","±0.25pF","50V","C0G, NP0","-55°C ~ 150°C","High Temperature","-","General Purpose","-","Surface Mount, MLCC","0402 (1005 Metric)","0.039"" L x 0.020"" W (1.00mm x 0.50mm)","-","0.022"" (0.55mm)","-","-"
"https://product.tdk.com/en/search/set_distributor?back_url=/en/catalog/datasheets/mlcc_commercial_hightemp_en.pdf&ref_disty=digikey","//mm.digikey.com/Volume0/opasdata/d220001/medias/images/773/0402-(1005-Metric)-0.70mm-C-Series.jpg","445-13779-2-ND,445-13779-1-ND,445-13779-6-ND","C1005NP01H060D050BA","TDK Corporation","TDK Corporation","CAP CER 6PF 50V NP0 0402","4,818","0.11","0","1","Tape & Reel (TR),Cut Tape (CT),Digi-Reel®","C","Active","6 pF","±0.5pF","50V","C0G, NP0","-55°C ~ 150°C","High Temperature","-","General Purpose","-","Surface Mount, MLCC","0402 (1005 Metric)","0.039"" L x 0.020"" W (1.00mm x 0.50mm)","-","0.022"" (0.55mm)","-","-"
"https://product.tdk.com/system/files/dam/doc/product/capacitor/ceramic/mlcc/catalog/mlcc_commercial_general_en.pdf","//mm.digikey.com/Volume0/opasdata/d220001/medias/images/773/0402-(1005-Metric)-0.70mm-C-Series.jpg","445-7340-2-ND,445-7340-1-ND,445-7340-6-ND","C1005X7R1V223K050BB","TDK Corporation","TDK Corporation","CAP CER 0.022UF 35V X7R 0402","2,880","0.11","0","1","Tape & Reel (TR),Cut Tape (CT),Digi-Reel®","C","Active","0.022 µF","±10%","35V","X7R","-55°C ~ 125°C","Low ESL","-","General Purpose","-","Surface Mount, MLCC","0402 (1005 Metric)","0.039"" L x 0.020"" W (1.00mm x 0.50mm)","-","0.022"" (0.55mm)","-","-"
"https://product.tdk.com/en/search/set_distributor?back_url=/en/catalog/datasheets/mlcc_commercial_hightemp_en.pdf&ref_disty=digikey","//mm.digikey.com/Volume0/opasdata/d220001/medias/images/773/0402-(1005-Metric)-0.70mm-C-Series.jpg","445-13776-2-ND,445-13776-1-ND,445-13776-6-ND","C1005NP01H030C050BA","TDK Corporation","TDK Corporation","CAP CER 3PF 50V NP0 0402","2,510","0.11","0","1","Tape & Reel (TR),Cut Tape (CT),Digi-Reel®","C","Active","3 pF","±0.25pF","50V","C0G, NP0","-55°C ~ 150°C","High Temperature","-","General Purpose","-","Surface Mount, MLCC","0402 (1005 Metric)","0.039"" L x 0.020"" W (1.00mm x 0.50mm)","-","0.022"" (0.55mm)","-","-"
"https://product.tdk.com/en/search/set_distributor?back_url=/en/catalog/datasheets/mlcc_commercial_hightemp_en.pdf&ref_disty=digikey","//mm.digikey.com/Volume0/opasdata/d220001/medias/images/773/0402-(1005-Metric)-0.70mm-C-Series.jpg","445-13804-2-ND,445-13804-1-ND,445-13804-6-ND","C1005NP01H471J050BA","TDK Corporation","TDK Corporation","CAP CER 470PF 50V NP0 0402","7,064","0.13","0","1","Tape & Reel (TR),Cut Tape (CT),Digi-Reel®","C","Active","470 pF","±5%","50V","C0G, NP0","-55°C ~ 150°C","High Temperature","-","General Purpose","-","Surface Mount, MLCC","0402 (1005 Metric)","0.039"" L x 0.020"" W (1.00mm x 0.50mm)","-","0.022"" (0.55mm)","-","-"
"https://product.tdk.com/system/files/dam/doc/product/capacitor/ceramic/mlcc/catalog/mlcc_commercial_soft_en.pdf","//mm.digikey.com/Volume0/opasdata/d220001/medias/images/773/0402-(1005-Metric)-0.70mm-C-Series.jpg","445-173632-2-ND,445-173632-1-ND,445-173632-6-ND","C1005X7R1H222K050BE","TDK Corporation","TDK Corporation","CAP CER 2200PF 50V X7R 0402","3,653","0.13","0","1","Tape & Reel (TR),Cut Tape (CT),Digi-Reel®","C","Active","2200 pF","±10%","50V","X7R","-55°C ~ 125°C","Soft Termination","-","Boardflex Sensitive","-","Surface Mount, MLCC","0402 (1005 Metric)","0.039"" L x 0.020"" W (1.00mm x 0.50mm)","-","0.024"" (0.60mm)","-","-"
"https://product.tdk.com/en/search/set_distributor?back_url=/en/catalog/datasheets/mlcc_commercial_hightemp_en.pdf&ref_disty=digikey","//mm.digikey.com/Volume0/opasdata/d220001/medias/images/773/0402-(1005-Metric)-0.70mm-C-Series.jpg","445-2497-2-ND,445-2497-1-ND,445-2497-6-ND","C1005X8R1H102K050BA","TDK Corporation","TDK Corporation","CAP CER 1000PF 50V X8R 0402","768","0.17","0","1","Tape & Reel (TR),Cut Tape (CT),Digi-Reel®","C","Active","1000 pF","±10%","50V","X8R","-55°C ~ 150°C","High Temperature","-","General Purpose","-","Surface Mount, MLCC","0402 (1005 Metric)","0.039"" L x 0.020"" W (1.00mm x 0.50mm)","-","0.022"" (0.55mm)","-","-"
"https://product.tdk.com/en/search/set_distributor?back_url=/en/catalog/datasheets/mlcc_commercial_hightemp_en.pdf&ref_disty=digikey","//mm.digikey.com/Volume0/opasdata/d220001/medias/images/773/0402-(1005-Metric)-0.70mm-C-Series.jpg","445-13780-2-ND,445-13780-1-ND,445-13780-6-ND","C1005NP01H070D050BA","TDK Corporation","TDK Corporation","CAP CER 7PF 50V NP0 0402","75","0.11","0","1","Tape & Reel (TR),Cut Tape (CT),Digi-Reel®","C","Active","7 pF","±0.5pF","50V","C0G, NP0","-55°C ~ 150°C","High Temperature","-","General Purpose","-","Surface Mount, MLCC","0402 (1005 Metric)","0.039"" L x 0.020"" W (1.00mm x 0.50mm)","-","0.022"" (0.55mm)","-","-"
"https://product.tdk.com/en/search/set_distributor?back_url=/en/catalog/datasheets/mlcc_commercial_hightemp_en.pdf&ref_disty=digikey","//mm.digikey.com/Volume0/opasdata/d220001/medias/images/773/0402-(1005-Metric)-0.70mm-C-Series.jpg","445-15905-2-ND,445-15905-1-ND,445-15905-6-ND","C1005X8R2A102K050BA","TDK Corporation","TDK Corporation","CAP CER 1000PF 100V X8R 0402","50","0.23","0","1","Tape & Reel (TR),Cut Tape (CT),Digi-Reel®","C","Active","1000 pF","±10%","100V","X8R","-55°C ~ 150°C","High Temperature","-","General Purpose","-","Surface Mount, MLCC","0402 (1005 Metric)","0.039"" L x 0.020"" W (1.00mm x 0.50mm)","-","0.022"" (0.55mm)","-","-"
"https://product.tdk.com/system/files/dam/doc/product/capacitor/ceramic/mlcc/catalog/mlcc_commercial_soft_en.pdf","//mm.digikey.com/Volume0/opasdata/d220001/medias/images/773/0402-(1005-Metric)-0.70mm-C-Series.jpg","445-173839-2-ND,445-173839-1-ND,445-173839-6-ND","C1005X8R1E223K050BE","TDK Corporation","TDK Corporation","CAP CER 0.022UF 25V X8R 0402","20","0.21","0","1","Tape & Reel (TR),Cut Tape (CT),Digi-Reel®","C","Active","0.022 µF","±10%","25V","X8R","-55°C ~ 150°C","Soft Termination","-","Boardflex Sensitive","-","Surface Mount, MLCC","0402 (1005 Metric)","0.039"" L x 0.020"" W (1.00mm x 0.50mm)","-","0.024"" (0.60mm)","-","-"
